industry_code,industry_name,ticker,name,weight,declare_date
801010,农林牧渔,000505,京粮控股,0.3393,2021-12-13
801010,农林牧渔,000592,平潭发展,1.9304,2021-12-13
801010,农林牧渔,000702,正虹科技,0.2033,2021-12-13
801010,农林牧渔,000713,国投丰乐,0.463,2021-12-13
801010,农林牧渔,000735,罗牛山,0.9017,2021-12-13
801010,农林牧渔,000798,中水渔业,0.2562,2021-12-13
801010,农林牧渔,000911,*ST广糖,0.1773,2021-12-13
801010,农林牧渔,000930,中粮科技,0.688,2021-12-13
801010,农林牧渔,000972,中基健康,0.2571,2021-12-13
801010,农林牧渔,000998,隆平高科,1.5576,2021-12-13
801010,农林牧渔,001201,东瑞股份,0.2954,2021-12-13
801010,农林牧渔,002041,登海种业,0.6054,2021-12-13
801010,农林牧渔,002069,獐子岛,0.2492,2021-12-13
801010,农林牧渔,002100,天康生物,1.2143,2021-12-13
801010,农林牧渔,002124,天邦食品,0.7306,2021-12-13
801010,农林牧渔,002157,正邦科技,3.6301,2021-12-13
801010,农林牧渔,002234,民和股份,0.2894,2021-12-13
801010,农林牧渔,002286,保龄宝,0.3842,2021-12-13
801010,农林牧渔,002299,圣农发展,1.4275,2021-12-13
801010,农林牧渔,002311,海大集团,5.3972,2021-12-13
801010,农林牧渔,002321,华英农业,0.4337,2021-12-13
801010,农林牧渔,002385,大北农,1.8585,2021-12-13
801010,农林牧渔,002458,益生股份,1.2164,2021-12-13
801010,农林牧渔,002481,双塔食品,0.4749,2021-12-13
801010,农林牧渔,002548,金新农,0.4126,2021-12-13
801010,农林牧渔,002556,辉隆股份,0.4871,2021-12-13
801010,农林牧渔,002567,唐人神,0.7959,2021-12-13
801010,农林牧渔,002679,福建金森,0.1229,2021-12-13
801010,农林牧渔,002688,金河生物,0.3981,2021-12-13
801010,农林牧渔,002714,牧原股份,17.0813,2021-12-13
801010,农林牧渔,002746,仙坛股份,0.494,2021-12-13
801010,农林牧渔,002772,众兴菌业,0.4024,2021-12-13
801010,农林牧渔,002852,道道全,0.2537,2021-12-13
801010,农林牧渔,002868,绿康生化,0.3002,2021-12-13
801010,农林牧渔,002891,中宠股份,0.7026,2021-12-13
801010,农林牧渔,002982,湘佳股份,0.2084,2021-12-13
801010,农林牧渔,003030,祖名股份,0.2112,2021-12-13
801010,农林牧渔,300021,大禹节水,0.3409,2021-12-13
801010,农林牧渔,300087,ST荃银,0.6049,2021-12-13
801010,农林牧渔,300094,国联水产,0.4103,2021-12-13
801010,农林牧渔,300119,瑞普生物,0.7499,2021-12-13
801010,农林牧渔,300138,晨光生物,0.6939,2021-12-13
801010,农林牧渔,300175,朗源股份,0.3489,2021-12-13
801010,农林牧渔,300189,神农种业,0.9077,2021-12-13
801010,农林牧渔,300268,佳沃食品,0.1969,2021-12-13
801010,农林牧渔,300313,天山生物,0.2226,2021-12-13
801010,农林牧渔,300498,温氏股份,13.7757,2021-12-13
801010,农林牧渔,300511,雪榕生物,0.3201,2021-12-13
801010,农林牧渔,300673,佩蒂股份,0.2661,2021-12-13
801010,农林牧渔,300761,立华股份,1.2039,2021-12-13
801010,农林牧渔,300871,回盛生物,0.348,2021-12-13
801010,农林牧渔,300967,晓鸣股份,0.2079,2021-12-13
801010,农林牧渔,300970,华绿生物,0.2947,2021-12-13
801010,农林牧渔,300999,金龙鱼,2.19,2021-12-13
801010,农林牧渔,600097,开创国际,0.2035,2021-12-13
801010,农林牧渔,600108,亚盛集团,0.9998,2021-12-13
801010,农林牧渔,600127,金健米业,0.9982,2021-12-13
801010,农林牧渔,600191,华资实业,0.3811,2021-12-13
801010,农林牧渔,600195,中牧股份,0.5617,2021-12-13
801010,农林牧渔,600201,生物股份,1.8917,2021-12-13
801010,农林牧渔,600251,冠农股份,0.7284,2021-12-13
801010,农林牧渔,600257,大湖股份,0.3316,2021-12-13
801010,农林牧渔,600265,*ST景谷,0.1734,2021-12-13
801010,农林牧渔,600313,农发种业,0.7636,2021-12-13
801010,农林牧渔,600354,敦煌种业,0.5342,2021-12-13
801010,农林牧渔,600359,新农开发,0.2763,2021-12-13
801010,农林牧渔,600371,万向德农,0.3211,2021-12-13
801010,农林牧渔,600467,好当家,0.3691,2021-12-13
801010,农林牧渔,600540,新赛股份,0.2982,2021-12-13
801010,农林牧渔,600598,北大荒,1.3596,2021-12-13
801010,农林牧渔,600737,中粮糖业,2.5376,2021-12-13
801010,农林牧渔,600962,国投中鲁,0.5983,2021-12-13
801010,农林牧渔,600965,*ST福成,0.149,2021-12-13
801010,农林牧渔,600975,新五丰,0.5958,2021-12-13
801010,农林牧渔,601118,海南橡胶,1.6726,2021-12-13
801010,农林牧渔,601952,苏垦农发,0.6487,2021-12-13
801010,农林牧渔,603336,宏辉果蔬,0.5104,2021-12-13
801010,农林牧渔,603363,傲农生物,0.7669,2021-12-13
801010,农林牧渔,603566,普莱柯,0.3863,2021-12-13
801010,农林牧渔,603609,禾丰股份,0.457,2021-12-13
801010,农林牧渔,603668,天马科技,0.6782,2021-12-13
801010,农林牧渔,605198,安德利,0.5013,2021-12-13
801010,农林牧渔,605296,神农集团,0.3701,2021-12-13
801010,农林牧渔,688098,申联生物,0.3161,2021-12-13
801010,农林牧渔,688526,科前生物,0.2636,2021-12-13
801010,农林牧渔,301116,益客食品,0.1563,2022-01-18
801010,农林牧渔,603477,巨星农牧,0.7599,2022-01-25
801010,农林牧渔,001313,粤海饲料,0.2769,2022-02-16
801010,农林牧渔,000663,永安林业,0.2128,2022-08-01
801010,农林牧渔,002696,百洋股份,0.2005,2022-08-01
801010,农林牧渔,600883,博闻科技,0.185,2022-08-01
801010,农林牧渔,603182,嘉华股份,0.2656,2022-09-09
801010,农林牧渔,603151,邦基科技,0.231,2022-10-19
801010,农林牧渔,001338,永顺泰,0.3509,2022-11-16
801010,农林牧渔,001366,播恩集团,0.13,2023-03-07
801010,农林牧渔,301498,乖宝宠物,0.6217,2023-08-16
801010,农林牧渔,603231,索宝蛋白,0.23,2023-12-01
801010,农林牧渔,002215,诺普信,1.153,2025-05-13
801010,农林牧渔,688156,路德科技,0.2534,2025-05-13
801010,农林牧渔,000048,京基智农,0.877,2025-08-13
801010,农林牧渔,603717,天域生物,0.2112,2025-08-13
801010,农林牧渔,000876,新希望,2.4662,2026-07-02
801010,农林牧渔,002086,东方海洋,0.5262,2026-07-02
801010,农林牧渔,000019,深粮控股,0.3105,2021-12-13
801030,基础化工,000510,新金路,0.3769,2021-12-13
801030,基础化工,000525,红太阳,0.1831,2021-12-13
801030,基础化工,000545,金浦钛业,0.0654,2021-12-13
801030,基础化工,000553,安道麦A,0.0727,2021-12-13
801030,基础化工,000565,渝三峡A,0.0739,2021-12-13
801030,基础化工,000635,英力特,0.0704,2021-12-13
801030,基础化工,000677,ST海龙,0.0512,2021-12-13
801030,基础化工,000683,博源化工,0.6414,2021-12-13
801030,基础化工,000707,双环科技,0.0902,2021-12-13
801030,基础化工,000731,四川美丰,0.1527,2021-12-13
801030,基础化工,000782,恒申新材,0.1573,2021-12-13
801030,基础化工,000792,盐湖股份,3.3142,2021-12-13
801030,基础化工,000818,航锦科技,0.2663,2021-12-13
801030,基础化工,000822,山东海化,0.1072,2021-12-13
801030,基础化工,000830,鲁西化工,0.5589,2021-12-13
801030,基础化工,000859,国风新材,0.2433,2021-12-13
801030,基础化工,000881,中广核技,0.1584,2021-12-13
801030,基础化工,000893,亚钾国际,1.079,2021-12-13
801030,基础化工,000902,新洋丰,0.3605,2021-12-13
801030,基础化工,000912,泸天化,0.1172,2021-12-13
801030,基础化工,000936,华西股份,0.1375,2021-12-13
801030,基础化工,000973,佛塑科技,0.4161,2021-12-13
801030,基础化工,000990,诚志股份,0.238,2021-12-13
801030,基础化工,001207,联科科技,0.1211,2021-12-13
801030,基础化工,001217,华尔泰,0.056,2021-12-13
801030,基础化工,001218,丽臣实业,0.0851,2021-12-13
801030,基础化工,002037,保利联合,0.0805,2021-12-13
801030,基础化工,002054,德美化工,0.1137,2021-12-13
801030,基础化工,002064,华峰化学,0.8516,2021-12-13
801030,基础化工,002068,黑猫股份,0.1419,2021-12-13
801030,基础化工,002092,中泰化学,0.3833,2021-12-13
801030,基础化工,002096,易普力,0.1753,2021-12-13
801030,基础化工,002108,沧州明珠,0.2599,2021-12-13
801030,基础化工,002109,ST兴化,0.0645,2021-12-13
801030,基础化工,002136,安纳达,0.0848,2021-12-13
801030,基础化工,002145,钛能化学,0.4603,2021-12-13
801030,基础化工,002165,红宝丽,0.1954,2021-12-13
801030,基础化工,002170,芭田股份,0.379,2021-12-13
801030,基础化工,002206,海利得,0.1644,2021-12-13
801030,基础化工,002211,ST宏达,0.0414,2021-12-13
801030,基础化工,002224,三力士,0.113,2021-12-13
801030,基础化工,002226,江南化工,0.2464,2021-12-13
801030,基础化工,002246,北化股份,0.2819,2021-12-13
801030,基础化工,002250,联化科技,0.4614,2021-12-13
801030,基础化工,002258,利尔化学,0.3176,2021-12-13
801030,基础化工,002263,大东南,0.1921,2021-12-13
801030,基础化工,002312,川发龙蟒,0.3998,2021-12-13
801030,基础化工,002319,乐通股份,0.0712,2021-12-13
801030,基础化工,002324,普利特,0.2534,2021-12-13
801030,基础化工,002326,永太科技,0.5171,2021-12-13
801030,基础化工,002360,ST同德,0.0792,2021-12-13
801030,基础化工,002361,神剑股份,0.3541,2021-12-13
801030,基础化工,002381,双箭股份,0.0525,2021-12-13
801030,基础化工,002386,天原股份,0.2299,2021-12-13
801030,基础化工,002391,长青股份,0.0813,2021-12-13
801030,基础化工,002395,双象股份,0.0569,2021-12-13
801030,基础化工,002407,多氟多,1.5163,2021-12-13
801030,基础化工,002427,尤夫股份,0.0873,2021-12-13
801030,基础化工,002440,闰土股份,0.3799,2021-12-13
801030,基础化工,002442,龙星科技,0.0701,2021-12-13
801030,基础化工,002453,华软科技,0.0953,2021-12-13
801030,基础化工,002455,百川股份,0.1762,2021-12-13
801030,基础化工,002470,金正大,0.199,2021-12-13
801030,基础化工,002496,辉丰股份,0.1015,2021-12-13
801030,基础化工,002513,蓝丰生化,0.0579,2021-12-13
801030,基础化工,002522,浙江众成,0.1596,2021-12-13
801030,基础化工,002538,ST司特,0.1743,2021-12-13
801030,基础化工,002539,云图控股,0.4542,2021-12-13
801030,基础化工,002549,凯美特气,0.2485,2021-12-13
801030,基础化工,002562,兄弟科技,0.159,2021-12-13
801030,基础化工,002585,双星新材,0.2711,2021-12-13
801030,基础化工,002588,史丹利,0.1999,2021-12-13
801030,基础化工,002597,金禾实业,0.2994,2021-12-13
801030,基础化工,002601,龙佰集团,1.0577,2021-12-13
801030,基础化工,002632,道明光学,0.1124,2021-12-13
801030,基础化工,002637,赞宇科技,0.1701,2021-12-13
801030,基础化工,002666,德联集团,0.0765,2021-12-13
801030,基础化工,002669,康达新材,0.1049,2021-12-13
801030,基础化工,002683,广东宏大,0.6039,2021-12-13
801030,基础化工,002734,利民股份,0.2506,2021-12-13
801030,基础化工,002748,世龙实业,0.0613,2021-12-13
801030,基础化工,002749,国光股份,0.086,2021-12-13
801030,基础化工,002753,永东股份,0.0757,2021-12-13
801030,基础化工,002768,国恩股份,0.4415,2021-12-13
801030,基础化工,002783,凯龙股份,0.1121,2021-12-13
801030,基础化工,002802,洪汇新材,0.0463,2021-12-13
801030,基础化工,002809,红墙股份,0.0419,2021-12-13
801030,基础化工,002810,山东赫达,0.1993,2021-12-13
801030,基础化工,002825,纳尔股份,0.0793,2021-12-13
801030,基础化工,002827,高争民爆,0.3288,2021-12-13
801030,基础化工,002838,道恩股份,0.1948,2021-12-13
801030,基础化工,002886,沃特股份,0.1769,2021-12-13
801030,基础化工,002895,川恒股份,0.4742,2021-12-13
801030,基础化工,002909,集泰股份,0.0741,2021-12-13
801030,基础化工,002915,中欣氟材,0.1645,2021-12-13
801030,基础化工,002917,金奥博,0.0844,2021-12-13
801030,基础化工,002942,新农股份,0.0385,2021-12-13
801030,基础化工,002971,和远气体,0.1995,2021-12-13
801030,基础化工,002998,优彩资源,0.0694,2021-12-13
801030,基础化工,002999,天禾股份,0.065,2021-12-13
801030,基础化工,003002,壶化股份,0.0765,2021-12-13
801030,基础化工,003017,大洋生物,0.0698,2021-12-13
801030,基础化工,003042,中农联合,0.0427,2021-12-13
801030,基础化工,300019,硅宝科技,0.1367,2021-12-13
801030,基础化工,300041,回天新材,0.2162,2021-12-13
801030,基础化工,300067,安诺其,0.1864,2021-12-13
801030,基础化工,300082,奥克股份,0.1216,2021-12-13
801030,基础化工,300107,建新股份,0.0875,2021-12-13
801030,基础化工,300109,新开源,0.3088,2021-12-13
801030,基础化工,300121,阳谷华泰,0.1275,2021-12-13
801030,基础化工,300163,先锋新材,0.123,2021-12-13
801030,基础化工,300169,天晟新材,0.0732,2021-12-13
801030,基础化工,300174,元力股份,0.2131,2021-12-13
801030,基础化工,300180,华峰超纤,0.2705,2021-12-13
801030,基础化工,300200,高盟新材,0.108,2021-12-13
801030,基础化工,300218,安利股份,0.0817,2021-12-13
801030,基础化工,300221,银禧科技,0.2699,2021-12-13
801030,基础化工,300225,金力泰,0.115,2021-12-13
801030,基础化工,300230,永利股份,0.1069,2021-12-13
801030,基础化工,300243,瑞丰高材,0.1439,2021-12-13
801030,基础化工,300261,雅本化学,0.1342,2021-12-13
801030,基础化工,300305,裕兴股份,0.0676,2021-12-13
801030,基础化工,300320,海达股份,0.1516,2021-12-13
801030,基础化工,300321,同大股份,0.0582,2021-12-13
801030,基础化工,300387,富邦科技,0.061,2021-12-13
801030,基础化工,300405,科隆股份,0.0444,2021-12-13
801030,基础化工,300478,杭州高新,0.0962,2021-12-13
801030,基础化工,300487,蓝晓科技,0.6985,2021-12-13
801030,基础化工,300505,川金诺,0.1637,2021-12-13
801030,基础化工,300522,世名科技,0.0941,2021-12-13
801030,基础化工,300535,达威股份,0.0446,2021-12-13
801030,基础化工,300538,同益股份,0.0543,2021-12-13
801030,基础化工,300539,横河精密,0.1087,2021-12-13
801030,基础化工,300575,中旗股份,0.0852,2021-12-13
801030,基础化工,300586,美联新材,0.194,2021-12-13
801030,基础化工,300587,天铁科技,0.1911,2021-12-13
801030,基础化工,300641,正丹股份,0.1355,2021-12-13
801030,基础化工,300644,南京聚隆,0.0595,2021-12-13
801030,基础化工,300665,飞鹿股份,0.0704,2021-12-13
801030,基础化工,300717,华信新材,0.0428,2021-12-13
801030,基础化工,300721,怡达股份,0.0905,2021-12-13
801030,基础化工,300727,润禾材料,0.109,2021-12-13
801030,基础化工,300731,科创新源,0.2738,2021-12-13
801030,基础化工,300741,华宝股份,0.089,2021-12-13
801030,基础化工,300758,七彩化学,0.1131,2021-12-13
801030,基础化工,300767,震安科技,0.1522,2021-12-13
801030,基础化工,300796,贝斯美,0.0711,2021-12-13
801030,基础化工,300798,锦鸡股份,0.0547,2021-12-13
801030,基础化工,300801,泰和科技,0.0884,2021-12-13
801030,基础化工,300806,斯迪克,0.8416,2021-12-13
801030,基础化工,300821,东岳硅材,0.2185,2021-12-13
801030,基础化工,300829,金丹科技,0.0641,2021-12-13
801030,基础化工,300848,美瑞新材,0.0728,2021-12-13
801030,基础化工,300858,科拓生物,0.1069,2021-12-13
801030,基础化工,300876,蒙泰高新,0.0523,2021-12-13
801030,基础化工,300891,惠云钛业,0.0537,2021-12-13
801030,基础化工,300910,瑞丰新材,0.2541,2021-12-13
801030,基础化工,300920,润阳科技,0.1065,2021-12-13
801030,基础化工,300927,江天化学,0.0585,2021-12-13
801030,基础化工,300980,祥源新材,0.0876,2021-12-13
801030,基础化工,300995,奇德新材,0.0428,2021-12-13
801030,基础化工,301003,江苏博云,0.1107,2021-12-13
801030,基础化工,301019,宁波色母,0.0852,2021-12-13
801030,基础化工,301035,润丰股份,0.3018,2021-12-13
801030,基础化工,301036,双乐股份,0.0458,2021-12-13
801030,基础化工,301037,保立佳,0.0248,2021-12-13
801030,基础化工,301057,汇隆新材,0.0515,2021-12-13
801030,基础化工,301059,金三江,0.0367,2021-12-13
801030,基础化工,301069,凯盛新材,0.1943,2021-12-13
801030,基础化工,301071,力量钻石,0.3579,2021-12-13
801030,基础化工,301076,新瀚新材,0.1279,2021-12-13
801030,基础化工,301077,星华新材,0.0557,2021-12-13
801030,基础化工,301092,争光股份,0.0716,2021-12-13
801030,基础化工,301100,风光股份,0.0363,2021-12-13
801030,基础化工,301118,恒光股份,0.0504,2021-12-13
801030,基础化工,301149,隆华新材,0.1035,2021-12-13
801030,基础化工,600063,皖维高新,0.3428,2021-12-13
801030,基础化工,600075,新疆天业,0.1642,2021-12-13
801030,基础化工,600078,澄星股份,0.1883,2021-12-13
801030,基础化工,600096,云天化,1.4528,2021-12-13
801030,基础化工,600135,乐凯胶片,0.0931,2021-12-13
801030,基础化工,600141,兴发集团,1.0611,2021-12-13
801030,基础化工,600143,金发科技,1.1749,2021-12-13
801030,基础化工,600160,巨化股份,2.1291,2021-12-13
801030,基础化工,600165,宁科生物,0.069,2021-12-13
801030,基础化工,600230,沧州大化,0.1476,2021-12-13
801030,基础化工,600273,嘉化能源,0.2344,2021-12-13
801030,基础化工,600299,安迪苏,0.2906,2021-12-13
801030,基础化工,600309,万华化学,6.4099,2021-12-13
801030,基础化工,600319,亚星化学,0.066,2021-12-13
801030,基础化工,600328,中盐化工,0.2095,2021-12-13
801030,基础化工,600352,浙江龙盛,1.3838,2021-12-13
801030,基础化工,600367,红星发展,0.3432,2021-12-13
801030,基础化工,600378,昊华科技,0.893,2021-12-13
801030,基础化工,600389,江山股份,0.2465,2021-12-13
801030,基础化工,600470,六国化工,0.1065,2021-12-13
801030,基础化工,600486,扬农化工,0.5466,2021-12-13
801030,基础化工,600500,中化国际,0.3732,2021-12-13
801030,基础化工,600610,中毅达,0.1739,2021-12-13
801030,基础化工,600618,氯碱化工,0.0988,2021-12-13
801030,基础化工,600623,华谊集团,0.2533,2021-12-13
801030,基础化工,600691,潞化科技,0.1589,2021-12-13
801030,基础化工,600714,金瑞矿业,0.1817,2021-12-13
801030,基础化工,600727,鲁北化工,0.1155,2021-12-13
801030,基础化工,600731,湖南海利,0.0976,2021-12-13
801030,基础化工,600746,江苏索普,0.0926,2021-12-13
801030,基础化工,600810,神马股份,0.102,2021-12-13
801030,基础化工,600844,金煤科技,0.0973,2021-12-13
801030,基础化工,600866,星湖科技,0.1822,2021-12-13
801030,基础化工,600929,雪天盐业,0.1446,2021-12-13
801030,基础化工,600935,华塑股份,0.0744,2021-12-13
801030,基础化工,600955,维远股份,0.1123,2021-12-13
801030,基础化工,600989,宝丰能源,2.2445,2021-12-13
801030,基础化工,601208,东材科技,1.6121,2021-12-13
801030,基础化工,601216,君正集团,0.6926,2021-12-13
801030,基础化工,601568,北元化工,0.2654,2021-12-13
801030,基础化工,601678,滨化股份,0.4572,2021-12-13
801030,基础化工,603020,爱普股份,0.1091,2021-12-13
801030,基础化工,603033,三维股份,0.1292,2021-12-13
801030,基础化工,603041,美思德,0.0512,2021-12-13
801030,基础化工,603067,振华股份,0.731,2021-12-13
801030,基础化工,603086,先达股份,0.077,2021-12-13
801030,基础化工,603110,东方材料,0.1868,2021-12-13
801030,基础化工,603155,新亚强,0.0787,2021-12-13
801030,基础化工,603188,亚邦股份,0.0835,2021-12-13
801030,基础化工,603192,汇得科技,0.0581,2021-12-13
801030,基础化工,603213,镇洋发展,0.0666,2021-12-13
801030,基础化工,603217,元利科技,0.102,2021-12-13
801030,基础化工,603225,新凤鸣,0.7188,2021-12-13
801030,基础化工,603227,雪峰科技,0.1499,2021-12-13
801030,基础化工,603299,苏盐井神,0.1521,2021-12-13
801030,基础化工,603330,天洋新材,0.1216,2021-12-13
801030,基础化工,603332,苏州龙杰,0.0461,2021-12-13
801030,基础化工,603360,百傲化学,0.1844,2021-12-13
801030,基础化工,603379,三美股份,0.6646,2021-12-13
801030,基础化工,603505,金石资源,0.265,2021-12-13
801030,基础化工,603580,艾艾精工,0.1309,2021-12-13
801030,基础化工,603585,苏利股份,0.0462,2021-12-13
801030,基础化工,603599,广信股份,0.2264,2021-12-13
801030,基础化工,603612,索通发展,0.2843,2021-12-13
801030,基础化工,603639,海利尔,0.0585,2021-12-13
801030,基础化工,603650,彤程新材,0.5723,2021-12-13
801030,基础化工,603663,三祥新材,0.4415,2021-12-13
801030,基础化工,603681,永冠新材,0.1249,2021-12-13
801030,基础化工,603683,晶华新材,0.1366,2021-12-13
801030,基础化工,603688,石英股份,0.5261,2021-12-13
801030,基础化工,603790,雅运股份,0.0749,2021-12-13
801030,基础化工,603810,丰山集团,0.0463,2021-12-13
801030,基础化工,603822,ST嘉澳,0.1246,2021-12-13
801030,基础化工,603823,百合花,0.3267,2021-12-13
801030,基础化工,603826,坤彩科技,0.1638,2021-12-13
801030,基础化工,603867,新化股份,0.2164,2021-12-13
801030,基础化工,603879,永悦科技,0.0505,2021-12-13
801030,基础化工,603916,苏博特,0.1114,2021-12-13
801030,基础化工,603928,兴业股份,0.0596,2021-12-13
801030,基础化工,603948,建业股份,0.0391,2021-12-13
801030,基础化工,603968,醋化股份,0.0511,2021-12-13
801030,基础化工,603970,中农立华,0.0547,2021-12-13
801030,基础化工,603977,国泰集团,0.1574,2021-12-13
801030,基础化工,603980,吉华集团,0.1502,2021-12-13
801030,基础化工,605008,长鸿高科,0.069,2021-12-13
801030,基础化工,605016,百龙创园,0.1809,2021-12-13
801030,基础化工,605020,永和股份,0.4028,2021-12-13
801030,基础化工,605033,美邦股份,0.0342,2021-12-13
801030,基础化工,605077,华康股份,0.1017,2021-12-13
801030,基础化工,605086,龙高股份,0.053,2021-12-13
801030,基础化工,605166,聚合顺,0.0826,2021-12-13
801030,基础化工,605183,确成股份,0.0941,2021-12-13
801030,基础化工,605366,宏柏新材,0.1518,2021-12-13
801030,基础化工,605399,晨光新材,0.0555,2021-12-13
801030,基础化工,605566,福莱蒽特,0.0751,2021-12-13
801030,基础化工,605589,圣泉集团,1.0429,2021-12-13
801030,基础化工,688065,凯赛生物,0.5848,2021-12-13
801030,基础化工,688089,ST嘉必优,0.0337,2021-12-13
801030,基础化工,688129,东来技术,0.0352,2021-12-13
801030,基础化工,688133,泰坦科技,0.1087,2021-12-13
801030,基础化工,688157,松井股份,0.077,2021-12-13
801030,基础化工,688179,阿拉丁,0.1832,2021-12-13
801030,基础化工,688196,卓越新能,0.0661,2021-12-13
801030,基础化工,688199,久日新材,0.1301,2021-12-13
801030,基础化工,688219,会通股份,0.1537,2021-12-13
801030,基础化工,688300,联瑞新材,0.6781,2021-12-13
801030,基础化工,688323,瑞华泰,0.1093,2021-12-13
801030,基础化工,688350,富淼科技,0.1077,2021-12-13
801030,基础化工,688386,泛亚微透,0.1525,2021-12-13
801030,基础化工,688398,赛特新材,0.0799,2021-12-13
801030,基础化工,688571,杭华股份,0.0647,2021-12-13
801030,基础化工,688585,上纬新材,0.5297,2021-12-13
801030,基础化工,688625,呈和科技,0.2296,2021-12-13
801030,基础化工,688639,华恒生物,0.1341,2021-12-13
801030,基础化工,688659,元琛科技,0.0378,2021-12-13
801030,基础化工,688669,聚石化学,0.1994,2021-12-13
801030,基础化工,688718,唯赛勃,0.0386,2021-12-13
801030,基础化工,688722,同益中,0.0651,2021-12-13
801030,基础化工,001296,长江材料,0.0524,2021-12-24
801030,基础化工,301196,唯科科技,0.225,2022-01-11
801030,基础化工,603150,万朗磁塑,0.1689,2022-01-24
801030,基础化工,301206,三元生物,0.097,2022-02-10
801030,基础化工,688267,中触媒,0.1084,2022-02-16
801030,基础化工,301131,聚赛龙,0.0348,2022-03-14
801030,基础化工,301256,华融化学,0.0637,2022-03-22
801030,基础化工,301237,和顺科技,0.0906,2022-03-23
801030,基础化工,603051,鹿山新材,0.1005,2022-03-25
801030,基础化工,688295,中复神鹰,0.2156,2022-04-06
801030,基础化工,301212,联盛化学,0.0309,2022-04-19
801030,基础化工,301286,侨源股份,0.087,2022-06-14
801030,基础化工,301156,美农生物,0.039,2022-06-17
801030,基础化工,301220,亚香股份,0.0797,2022-06-22
801030,基础化工,603235,天新药业,0.0583,2022-07-12
801030,基础化工,000422,湖北宜化,0.3897,2022-08-01
801030,基础化工,000691,亚太实业,0.1238,2022-08-01
801030,基础化工,000920,沃顿科技,0.1133,2022-08-01
801030,基础化工,002166,莱茵生物,0.1353,2022-08-01
801030,基础化工,002274,华昌化工,0.1555,2022-08-01
801030,基础化工,002545,东方铁塔,0.386,2022-08-01
801030,基础化工,002591,恒大高新,0.051,2022-08-01
801030,基础化工,002648,卫星化学,2.0661,2022-08-01
801030,基础化工,300214,日科化学,0.1481,2022-08-01
801030,基础化工,300596,利安隆,0.2813,2022-08-01
801030,基础化工,300610,晨化股份,0.0732,2022-08-01
801030,基础化工,300637,扬帆新材,0.0625,2022-08-01
801030,基础化工,300834,星辉环材,0.1299,2022-08-01
801030,基础化工,301090,华润材料,0.0749,2022-08-01
801030,基础化工,301216,万凯新材,0.3178,2022-08-01
801030,基础化工,600227,赤天化,0.2052,2022-08-01
801030,基础化工,600331,宏达股份,0.8004,2022-08-01
801030,基础化工,600370,*ST三房,0.0578,2022-08-01
801030,基础化工,600409,三友化工,0.3645,2022-08-01
801030,基础化工,600426,华鲁恒升,1.7061,2022-08-01
801030,基础化工,600722,金牛化工,0.2332,2022-08-01
801030,基础化工,600873,梅花生物,0.65,2022-08-01
801030,基础化工,603010,万盛股份,0.1463,2022-08-01
801030,基础化工,603077,和邦生物,0.5299,2022-08-01
801030,基础化工,603181,皇马科技,0.1944,2022-08-01
801030,基础化工,603260,合盛硅业,0.4766,2022-08-01
801030,基础化工,603722,阿科力,0.0732,2022-08-01
801030,基础化工,603739,蔚蓝生物,0.0603,2022-08-01
801030,基础化工,603938,三孚股份,0.2294,2022-08-01
801030,基础化工,605488,福莱新材,0.1788,2022-08-01
801030,基础化工,688269,凯立新材,0.1168,2022-08-01
801030,基础化工,688357,建龙微纳,0.0752,2022-08-01
801030,基础化工,688203,海正生材,0.0629,2022-08-16
801030,基础化工,603255,鼎际得,0.053,2022-08-18
801030,基础化工,001231,农心科技,0.0328,2022-08-19
801030,基础化工,301300,远翔新材,0.0341,2022-08-19
801030,基础化工,301209,联合化学,0.1251,2022-08-25
801030,基础化工,301283,聚胶股份,0.0616,2022-09-02
801030,基础化工,001255,博菲电气,0.043,2022-09-30
801030,基础化工,001333,光华股份,0.04,2022-12-08
801030,基础化工,603281,江瀚新材,0.2693,2023-01-31
801030,基础化工,301373,凌玮科技,0.1698,2023-02-08
801030,基础化工,603073,彩蝶实业,0.0363,2023-03-15
801030,基础化工,603065,宿迁联盛,0.1113,2023-03-21
801030,基础化工,601065,江盐集团,0.0913,2023-04-10
801030,基础化工,603125,常青科技,0.114,2023-04-10
801030,基础化工,603172,万丰股份,0.0371,2023-05-10
801030,基础化工,300804,广康生化,0.0562,2023-06-27
801030,基础化工,301395,仁信新材,0.0759,2023-07-03
801030,基础化工,002254,泰和新材,0.31,2023-07-06
801030,基础化工,300343,联创股份,0.2381,2023-07-06
801030,基础化工,600596,新安股份,0.4491,2023-07-06
801030,基础化工,301518,长华化学,0.0637,2023-08-03
801030,基础化工,300072,海新能科,0.2295,2023-08-23
801030,基础化工,688716,中研股份,0.079,2023-09-20
801030,基础化工,603276,恒兴新材,0.0564,2023-09-22
801030,基础化工,001378,德冠新材,0.0759,2023-10-30
801030,基础化工,301555,惠柏新材,0.0756,2023-10-31
801030,基础化工,603062,麦加芯彩,0.056,2023-11-07
801030,基础化工,301459,丰茂股份,0.0377,2023-12-01
801030,基础化工,001358,兴欣新材,0.0507,2023-12-21
801030,基础化工,603004,鼎龙科技,0.0506,2023-12-27
801030,基础化工,301591,肯特股份,0.0944,2024-02-28
801030,基础化工,301538,骏鼎达,0.0689,2024-03-20
801030,基础化工,001359,平安电工,0.218,2024-03-28
801030,基础化工,603113,金能科技,0.1059,2024-05-22
801030,基础化工,301565,中仑新材,0.0669,2024-06-20
801030,基础化工,603285,键邦股份,0.0887,2024-07-05
801030,基础化工,000949,新乡化纤,0.3167,2024-07-31
801030,基础化工,002430,杭氧股份,0.4676,2024-07-31
801030,基础化工,002497,雅化集团,0.7941,2024-07-31
801030,基础化工,300905,宝丽迪,0.1236,2024-07-31
801030,基础化工,301190,善水科技,0.0636,2024-07-31
801030,基础化工,600423,*ST柳化,0.0597,2024-07-31
801030,基础化工,603079,圣达生物,0.0588,2024-07-31
801030,基础化工,002001,新和成,1.7982,2024-08-09
801030,基础化工,603310,巍华新材,0.0891,2024-08-14
801030,基础化工,301618,长联科技,0.0653,2024-09-30
801030,基础化工,603395,红四方,0.0697,2024-11-26
801030,基础化工,301617,博苑新材,0.1189,2024-12-11
801030,基础化工,301585,蓝宇股份,0.0697,2024-12-20
801030,基础化工,301665,泰禾股份,0.1089,2025-04-11
801030,基础化工,001335,信凯科技,0.0379,2025-04-15
801030,基础化工,603120,肯特催化,0.073,2025-04-16
801030,基础化工,688602,康鹏科技,0.08,2025-04-28
801030,基础化工,603382,海阳科技,0.0716,2025-06-11
801030,基础化工,603406,天富龙,0.0489,2025-08-08
801030,基础化工,600784,鲁银投资,0.137,2025-08-13
801030,基础化工,601113,华鼎股份,0.1022,2025-08-13
801030,基础化工,601026,道生天合,0.0744,2025-10-17
801030,基础化工,603334,丰倍生物,0.0448,2025-11-05
801030,基础化工,002758,浙农股份,0.116,2025-12-03
801030,基础化工,001325,元创股份,0.035,2025-12-18
801030,基础化工,001369,双欣材料,0.1175,2025-12-30
801030,基础化工,301687,新广益,0.0689,2025-12-31
801030,基础化工,301683,慧谷新材,0.0622,2026-04-01
801030,基础化工,603435,嘉德利,0.0768,2026-05-22
801030,基础化工,000408,藏格矿业,2.3259,2026-07-02
801030,基础化工,300886,华业香料,0.0362,2026-07-02
801030,基础化工,688598,金博股份,0.2551,2026-07-02
801030,基础化工,000420,吉林化纤,0.3224,2021-12-13
801040,钢铁,000655,金岭矿业,0.6103,2021-12-13
801040,钢铁,000708,中信特钢,3.8767,2021-12-13
801040,钢铁,000709,河钢股份,2.6767,2021-12-13
801040,钢铁,000717,中南股份,0.8985,2021-12-13
801040,钢铁,000761,本钢板材,0.4592,2021-12-13
801040,钢铁,000778,新兴铸管,2.8286,2021-12-13
801040,钢铁,000825,太钢不锈,2.5274,2021-12-13
801040,钢铁,000898,鞍钢股份,1.446,2021-12-13
801040,钢铁,000923,河钢资源,2.1595,2021-12-13
801040,钢铁,000932,华菱钢铁,2.9368,2021-12-13
801040,钢铁,000959,首钢股份,1.571,2021-12-13
801040,钢铁,001203,大中矿业,3.9749,2021-12-13
801040,钢铁,002075,沙钢股份,2.0538,2021-12-13
801040,钢铁,002110,三钢闽光,0.9082,2021-12-13
801040,钢铁,002318,久立特材,4.0918,2021-12-13
801040,钢铁,002443,金洲管道,1.5406,2021-12-13
801040,钢铁,002478,常宝股份,1.4529,2021-12-13
801040,钢铁,300881,盛德鑫泰,0.3371,2021-12-13
801040,钢铁,600010,包钢股份,15.4284,2021-12-13
801040,钢铁,600019,宝钢股份,8.0679,2021-12-13
801040,钢铁,600022,山东钢铁,2.0521,2021-12-13
801040,钢铁,600117,西宁特钢,0.7642,2021-12-13
801040,钢铁,600126,杭钢股份,2.5616,2021-12-13
801040,钢铁,600231,凌钢股份,0.5114,2021-12-13
801040,钢铁,600295,鄂尔多斯,2.3543,2021-12-13
801040,钢铁,600307,酒钢宏兴,1.3485,2021-12-13
801040,钢铁,600399,抚顺特钢,1.8805,2021-12-13
801040,钢铁,600507,方大特钢,1.426,2021-12-13
801040,钢铁,600516,方大炭素,4.5429,2021-12-13
801040,钢铁,600569,安阳钢铁,0.5933,2021-12-13
801040,钢铁,600581,*ST八钢,0.6434,2021-12-13
801040,钢铁,600782,新钢股份,1.6484,2021-12-13
801040,钢铁,600808,马钢股份,2.024,2021-12-13
801040,钢铁,601003,柳钢股份,0.6565,2021-12-13
801040,钢铁,601005,重庆钢铁,1.9134,2021-12-13
801040,钢铁,601686,友发集团,1.488,2021-12-13
801040,钢铁,601969,海南矿业,1.4387,2021-12-13
801040,钢铁,603878,武进不锈,0.6125,2021-12-13
801040,钢铁,603995,甬金股份,1.6241,2021-12-13
801040,钢铁,600382,广东明珠,1.1457,2022-08-01
801040,钢铁,601121,宝地矿业,0.9072,2023-03-10
801040,钢铁,600282,南钢股份,3.5987,2026-07-02
801040,钢铁,000629,钒钛股份,4.416,2021-12-13
801050,有色金属,000426,兴业银锡,1.7566,2021-12-13
801050,有色金属,000603,盛达资源,0.5101,2021-12-13
801050,有色金属,000612,焦作万方,0.3756,2021-12-13
801050,有色金属,000630,铜陵有色,1.5817,2021-12-13
801050,有色金属,000633,合金投资,0.0619,2021-12-13
801050,有色金属,000657,中钨高新,1.6263,2021-12-13
801050,有色金属,000751,锌业股份,0.2013,2021-12-13
801050,有色金属,000758,中色股份,0.2971,2021-12-13
801050,有色金属,000762,西藏矿业,0.3391,2021-12-13
801050,有色金属,000795,英洛华,0.1776,2021-12-13
801050,有色金属,000807,云铝股份,1.9816,2021-12-13
801050,有色金属,000831,中国稀土,1.2877,2021-12-13
801050,有色金属,000878,云南铜业,0.7494,2021-12-13
801050,有色金属,000933,神火股份,1.5095,2021-12-13
801050,有色金属,000960,锡业股份,1.1926,2021-12-13
801050,有色金属,000962,东方钽业,0.5627,2021-12-13
801050,有色金属,000969,安泰科技,0.4328,2021-12-13
801050,有色金属,000970,中科三环,0.4078,2021-12-13
801050,有色金属,000975,山金国际,1.4493,2021-12-13
801050,有色金属,002114,罗平锌电,0.0602,2021-12-13
801050,有色金属,002149,西部材料,0.4226,2021-12-13
801050,有色金属,002155,湖南黄金,1.0143,2021-12-13
801050,有色金属,002160,常铝股份,0.0853,2021-12-13
801050,有色金属,002167,东方锆业,0.3257,2021-12-13
801050,有色金属,002171,楚江新材,0.3749,2021-12-13
801050,有色金属,002182,宝武镁业,0.2778,2021-12-13
801050,有色金属,002203,海亮股份,0.6798,2021-12-13
801050,有色金属,002237,恒邦股份,0.4528,2021-12-13
801050,有色金属,002240,盛新锂能,0.6372,2021-12-13
801050,有色金属,002295,精艺股份,0.064,2021-12-13
801050,有色金属,002378,章源钨业,0.4589,2021-12-13
801050,有色金属,002379,宏桥控股,0.6279,2021-12-13
801050,有色金属,002428,云南锗业,1.5088,2021-12-13
801050,有色金属,002460,赣锋锂业,2.0034,2021-12-13
801050,有色金属,002466,天齐锂业,1.7022,2021-12-13
801050,有色金属,002501,*ST利源,0.1274,2021-12-13
801050,有色金属,002532,天山铝业,1.2787,2021-12-13
801050,有色金属,002540,亚太科技,0.1128,2021-12-13
801050,有色金属,002578,闽发铝业,0.072,2021-12-13
801050,有色金属,002716,湖南白银,0.7746,2021-12-13
801050,有色金属,002738,中矿资源,1.1143,2021-12-13
801050,有色金属,002824,和胜股份,0.161,2021-12-13
801050,有色金属,002842,翔鹭钨业,0.2878,2021-12-13
801050,有色金属,002978,安宁股份,0.1376,2021-12-13
801050,有色金属,002988,豪美新材,0.1102,2021-12-13
801050,有色金属,002996,顺博合金,0.0728,2021-12-13
801050,有色金属,003038,鑫铂股份,0.0544,2021-12-13
801050,有色金属,300057,万顺新材,0.1755,2021-12-13
801050,有色金属,300127,银河磁体,0.0981,2021-12-13
801050,有色金属,300224,正海磁材,0.1768,2021-12-13
801050,有色金属,300337,银邦股份,0.1771,2021-12-13
801050,有色金属,300618,寒锐钴业,0.2662,2021-12-13
801050,有色金属,300697,电工合金,0.0748,2021-12-13
801050,有色金属,300748,金力永磁,0.5928,2021-12-13
801050,有色金属,300811,铂科新材,0.5577,2021-12-13
801050,有色金属,300835,龙磁科技,0.4185,2021-12-13
801050,有色金属,300855,图南股份,0.3002,2021-12-13
801050,有色金属,300930,屹通新材,0.0283,2021-12-13
801050,有色金属,300963,中洲特材,0.0867,2021-12-13
801050,有色金属,301026,浩通科技,0.1069,2021-12-13
801050,有色金属,600111,北方稀土,2.3326,2021-12-13
801050,有色金属,600219,南山铝业,1.1527,2021-12-13
801050,有色金属,600255,鑫科材料,0.2082,2021-12-13
801050,有色金属,600259,中稀有色,0.5858,2021-12-13
801050,有色金属,600281,华阳新材,0.0527,2021-12-13
801050,有色金属,600338,西藏珠峰,0.4268,2021-12-13
801050,有色金属,600362,江西铜业,1.511,2021-12-13
801050,有色金属,600366,宁波韵升,0.3024,2021-12-13
801050,有色金属,600392,盛和资源,1.0178,2021-12-13
801050,有色金属,600456,宝钛股份,0.2449,2021-12-13
801050,有色金属,600459,贵研铂业,0.3523,2021-12-13
801050,有色金属,600489,中金黄金,2.3854,2021-12-13
801050,有色金属,600490,鹏欣资源,0.4054,2021-12-13
801050,有色金属,600497,驰宏锌锗,1.0907,2021-12-13
801050,有色金属,600531,豫光金铅,0.4092,2021-12-13
801050,有色金属,600547,山东黄金,2.2488,2021-12-13
801050,有色金属,600549,厦门钨业,1.6308,2021-12-13
801050,有色金属,600595,中孚实业,0.5248,2021-12-13
801050,有色金属,600768,富邦新材,0.0477,2021-12-13
801050,有色金属,600888,新疆众和,0.2918,2021-12-13
801050,有色金属,600961,株冶集团,0.4878,2021-12-13
801050,有色金属,600988,赤峰黄金,2.3008,2021-12-13
801050,有色金属,601069,西部黄金,0.3083,2021-12-13
801050,有色金属,601137,博威合金,0.4112,2021-12-13
801050,有色金属,601168,西部矿业,2.2678,2021-12-13
801050,有色金属,601388,怡球资源,0.1519,2021-12-13
801050,有色金属,601600,中国铝业,2.6203,2021-12-13
801050,有色金属,601609,金田股份,0.4256,2021-12-13
801050,有色金属,601677,明泰铝业,0.6545,2021-12-13
801050,有色金属,601702,华峰铝业,0.1787,2021-12-13
801050,有色金属,601899,紫金矿业,18.068,2021-12-13
801050,有色金属,601958,金钼股份,0.6645,2021-12-13
801050,有色金属,603045,福达合金,0.1891,2021-12-13
801050,有色金属,603527,众源新材,0.0725,2021-12-13
801050,有色金属,603799,华友钴业,2.0683,2021-12-13
801050,有色金属,603876,鼎胜新材,0.3939,2021-12-13
801050,有色金属,603937,丽岛新材,0.0338,2021-12-13
801050,有色金属,603978,深圳新星,0.1089,2021-12-13
801050,有色金属,605208,永茂泰,0.0974,2021-12-13
801050,有色金属,688077,大地熊,0.0715,2021-12-13
801050,有色金属,688190,云路股份,0.1169,2021-12-13
801050,有色金属,603132,金徽股份,0.1588,2022-02-22
801050,有色金属,301219,腾远钴业,0.2737,2022-03-17
801050,有色金属,002192,融捷股份,0.4718,2022-04-07
801050,有色金属,688231,隆达股份,0.1716,2022-07-22
801050,有色金属,000506,招金黄金,0.4845,2022-08-01
801050,有色金属,000737,北方铜业,0.4037,2022-08-01
801050,有色金属,002756,永兴材料,0.5538,2022-08-01
801050,有色金属,300139,晓程科技,0.4339,2022-08-01
801050,有色金属,300328,宜安科技,0.2438,2022-08-01
801050,有色金属,600615,鑫源智造,0.0505,2022-08-01
801050,有色金属,601020,华钰矿业,0.5334,2022-08-01
801050,有色金属,688102,斯瑞新材,0.4242,2022-08-01
801050,有色金属,688786,悦安新材,0.1016,2022-08-01
801050,有色金属,001337,四川黄金,0.3404,2023-03-03
801050,有色金属,301141,中科磁业,0.0656,2023-04-03
801050,有色金属,301323,新莱福,0.0865,2023-06-06
801050,有色金属,600361,创新新材,0.2559,2023-07-06
801050,有色金属,601212,白银有色,0.4814,2023-07-06
801050,有色金属,603399,永杉锂业,0.1459,2023-07-06
801050,有色金属,605158,华达新材,0.0432,2023-07-06
801050,有色金属,605376,博迁新材,0.8544,2023-07-06
801050,有色金属,688456,有研粉材,0.1547,2023-07-06
801050,有色金属,603979,金诚信,1.0548,2023-10-18
801050,有色金属,600301,华锡有色,0.3358,2024-07-31
801050,有色金属,301522,上大股份,0.1551,2024-10-16
801050,有色金属,603993,洛阳钼业,4.6771,2024-11-19
801050,有色金属,688750,金天钛业,0.0844,2024-11-20
801050,有色金属,301622,英思特,0.092,2024-12-04
801050,有色金属,603072,天和磁材,0.1344,2025-01-03
801050,有色金属,603271,永杰新材,0.1172,2025-03-11
801050,有色金属,603124,江南新材,0.327,2025-03-20
801050,有色金属,001280,中国铀业,0.4337,2025-12-03
801050,有色金属,001257,盛龙股份,0.1245,2026-03-31
801050,有色金属,688811,有研复材,0.07,2026-04-10
801050,有色金属,301531,春光集团,0.0823,2026-05-11
801050,有色金属,603407,长裕集团,0.0711,2026-05-11
801050,有色金属,000688,国城矿业,0.4285,2026-07-02
801050,有色金属,600711,盛屯矿业,1.0304,2026-07-02
801050,有色金属,000060,中金岭南,0.568,2021-12-13
801080,电子,000021,深科技,0.3828,2021-12-13
801080,电子,000045,深纺织A,0.0246,2021-12-13
801080,电子,000050,深天马A,0.08,2021-12-13
801080,电子,000062,深圳华强,0.082,2021-12-13
801080,电子,000100,TCL科技,0.8929,2021-12-13
801080,电子,000536,华映科技,0.0496,2021-12-13
801080,电子,000636,风华高科,0.4531,2021-12-13
801080,电子,000725,京东方A,1.6986,2021-12-13
801080,电子,000727,冠捷科技,0.0611,2021-12-13
801080,电子,000823,超声电子,0.0611,2021-12-13
801080,电子,002036,联创电子,0.0707,2021-12-13
801080,电子,002045,国光电器,0.0378,2021-12-13
801080,电子,002049,紫光国微,0.4167,2021-12-13
801080,电子,002055,ST得润,0.0356,2021-12-13
801080,电子,002077,大港股份,0.0389,2021-12-13
801080,电子,002106,莱宝高科,0.0587,2021-12-13
801080,电子,002119,康强电子,0.0673,2021-12-13
801080,电子,002130,沃尔核材,0.1738,2021-12-13
801080,电子,002134,天津普林,0.0409,2021-12-13
801080,电子,002138,顺络电子,0.3214,2021-12-13
801080,电子,002139,拓邦股份,0.1035,2021-12-13
801080,电子,002156,通富微电,0.71,2021-12-13
801080,电子,002161,远望谷,0.0443,2021-12-13
801080,电子,002185,华天科技,0.4204,2021-12-13
801080,电子,002199,东晶电子,0.02,2021-12-13
801080,电子,002217,ST合力泰,0.0783,2021-12-13
801080,电子,002222,福晶科技,0.2663,2021-12-13
801080,电子,002241,歌尔股份,0.6223,2021-12-13
801080,电子,002273,水晶光电,0.3306,2021-12-13
801080,电子,002289,宇顺电子,0.056,2021-12-13
801080,电子,002351,漫步者,0.0433,2021-12-13
801080,电子,002369,卓翼科技,0.0381,2021-12-13
801080,电子,002371,北方华创,2.6007,2021-12-13
801080,电子,002384,东山精密,2.3776,2021-12-13
801080,电子,002387,维信诺,0.0638,2021-12-13
801080,电子,002388,新亚制程,0.0302,2021-12-13
801080,电子,002409,雅克科技,0.3265,2021-12-13
801080,电子,002436,兴森科技,0.5312,2021-12-13
801080,电子,002449,国星光电,0.0341,2021-12-13
801080,电子,002456,欧菲光,0.1883,2021-12-13
801080,电子,002463,沪电股份,1.5968,2021-12-13
801080,电子,002475,立讯精密,2.7089,2021-12-13
801080,电子,002484,江海股份,0.3222,2021-12-13
801080,电子,002579,中京电子,0.0559,2021-12-13
801080,电子,002584,西陇科学,0.0394,2021-12-13
801080,电子,002587,奥拓电子,0.0275,2021-12-13
801080,电子,002600,领益智造,0.3745,2021-12-13
801080,电子,002635,安洁科技,0.0478,2021-12-13
801080,电子,002636,金安国纪,0.1732,2021-12-13
801080,电子,002643,万润股份,0.0639,2021-12-13
801080,电子,002654,万润科技,0.0966,2021-12-13
801080,电子,002655,共达电声,0.1237,2021-12-13
801080,电子,002660,茂硕电源,0.016,2021-12-13
801080,电子,002681,奋达科技,0.0708,2021-12-13
801080,电子,002729,好利科技,0.017,2021-12-13
801080,电子,002741,光华科技,0.074,2021-12-13
801080,电子,002745,木林森,0.1024,2021-12-13
801080,电子,002815,崇达技术,0.1004,2021-12-13
801080,电子,002845,同兴达,0.027,2021-12-13
801080,电子,002855,捷荣技术,0.0156,2021-12-13
801080,电子,002859,洁美科技,0.1416,2021-12-13
801080,电子,002861,瀛通通讯,0.0207,2021-12-13
801080,电子,002866,传艺科技,0.0227,2021-12-13
801080,电子,002876,三利谱,0.044,2021-12-13
801080,电子,002888,惠威科技,0.012,2021-12-13
801080,电子,002913,奥士康,0.053,2021-12-13
801080,电子,002916,深南电路,0.8056,2021-12-13
801080,电子,002922,伊戈尔,0.0762,2021-12-13
801080,电子,002925,盈趣科技,0.0614,2021-12-13
801080,电子,002938,鹏鼎控股,0.6208,2021-12-13
801080,电子,002947,恒铭达,0.1216,2021-12-13
801080,电子,002952,亚世光电,0.0124,2021-12-13
801080,电子,002955,鸿合科技,0.0466,2021-12-13
801080,电子,002962,五方光电,0.0251,2021-12-13
801080,电子,002981,朝阳科技,0.012,2021-12-13
801080,电子,002983,芯瑞达,0.0153,2021-12-13
801080,电子,002993,奥海科技,0.0437,2021-12-13
801080,电子,003015,日久光电,0.0274,2021-12-13
801080,电子,003019,宸展光电,0.0356,2021-12-13
801080,电子,003026,中晶科技,0.0333,2021-12-13
801080,电子,003043,华亚智能,0.0417,2021-12-13
801080,电子,300032,金龙机电,0.0243,2021-12-13
801080,电子,300046,台基股份,0.0456,2021-12-13
801080,电子,300054,鼎龙股份,0.4798,2021-12-13
801080,电子,300076,*ST宁视,0.0127,2021-12-13
801080,电子,300077,国民技术,0.1229,2021-12-13
801080,电子,300088,长信科技,0.1623,2021-12-13
801080,电子,300102,乾照光电,0.1064,2021-12-13
801080,电子,300115,长盈精密,0.2342,2021-12-13
801080,电子,300120,经纬辉开,0.0339,2021-12-13
801080,电子,300136,信维通信,0.4758,2021-12-13
801080,电子,300162,雷曼光电,0.0224,2021-12-13
801080,电子,300184,力源信息,0.1298,2021-12-13
801080,电子,300219,鸿利智汇,0.029,2021-12-13
801080,电子,300223,君正股份,0.4249,2021-12-13
801080,电子,300232,洲明科技,0.0486,2021-12-13
801080,电子,300236,上海新阳,0.1814,2021-12-13
801080,电子,300241,瑞丰光电,0.0359,2021-12-13
801080,电子,300256,星星科技,0.0339,2021-12-13
801080,电子,300296,利亚德,0.1068,2021-12-13
801080,电子,300301,ST长方,0.0263,2021-12-13
801080,电子,300303,聚飞光电,0.0858,2021-12-13
801080,电子,300319,麦捷科技,0.1312,2021-12-13
801080,电子,300322,硕贝德,0.0688,2021-12-13
801080,电子,300323,华灿光电,0.1033,2021-12-13
801080,电子,300327,中颖电子,0.0699,2021-12-13
801080,电子,300346,南大光电,0.2987,2021-12-13
801080,电子,300373,扬杰科技,0.2059,2021-12-13
801080,电子,300389,艾比森,0.0169,2021-12-13
801080,电子,300398,飞凯材料,0.156,2021-12-13
801080,电子,300408,三环集团,1.4303,2021-12-13
801080,电子,300429,强力新材,0.0354,2021-12-13
801080,电子,300433,蓝思科技,0.63,2021-12-13
801080,电子,300456,赛微电子,0.182,2021-12-13
801080,电子,300458,全志科技,0.2463,2021-12-13
801080,电子,300460,ST惠伦,0.0215,2021-12-13
801080,电子,300476,胜宏科技,1.4286,2021-12-13
801080,电子,300481,濮阳惠成,0.028,2021-12-13
801080,电子,300493,润欣科技,0.0535,2021-12-13
801080,电子,300516,久之洋,0.0315,2021-12-13
801080,电子,300537,广信材料,0.0272,2021-12-13
801080,电子,300545,联得装备,0.0294,2021-12-13
801080,电子,300566,激智科技,0.0536,2021-12-13
801080,电子,300576,容大感光,0.0631,2021-12-13
801080,电子,300582,英飞特,0.0243,2021-12-13
801080,电子,300602,飞荣达,0.1384,2021-12-13
801080,电子,300604,长川科技,1.2134,2021-12-13
801080,电子,300613,富瀚微,0.0929,2021-12-13
801080,电子,300623,捷捷微电,0.1496,2021-12-13
801080,电子,300632,光莆股份,0.0287,2021-12-13
801080,电子,300647,超频三,0.026,2021-12-13
801080,电子,300655,晶瑞电材,0.1272,2021-12-13
801080,电子,300656,民德电子,0.0218,2021-12-13
801080,电子,300657,弘信电子,0.1406,2021-12-13
801080,电子,300661,圣邦股份,0.4671,2021-12-13
801080,电子,300666,江丰电子,0.4743,2021-12-13
801080,电子,300671,富满微,0.0831,2021-12-13
801080,电子,300672,国科微,0.2475,2021-12-13
801080,电子,300679,电连技术,0.1223,2021-12-13
801080,电子,300686,智动力,0.0213,2021-12-13
801080,电子,300701,森霸传感,0.0158,2021-12-13
801080,电子,300706,阿石创,0.0413,2021-12-13
801080,电子,300708,聚灿光电,0.0602,2021-12-13
801080,电子,300709,精研科技,0.0622,2021-12-13
801080,电子,300735,光弘科技,0.078,2021-12-13
801080,电子,300736,百邦科技,0.0329,2021-12-13
801080,电子,300739,明阳电路,0.0442,2021-12-13
801080,电子,300752,隆利科技,0.0222,2021-12-13
801080,电子,300782,卓胜微,0.2565,2021-12-13
801080,电子,300787,海能实业,0.0147,2021-12-13
801080,电子,300793,佳禾智能,0.0237,2021-12-13
801080,电子,300808,久量股份,0.0138,2021-12-13
801080,电子,300814,中富电路,0.0703,2021-12-13
801080,电子,300822,贝仕达克,0.0121,2021-12-13
801080,电子,300831,ST派瑞,0.0286,2021-12-13
801080,电子,300843,胜蓝股份,0.0643,2021-12-13
801080,电子,300852,四会富仕,0.0254,2021-12-13
801080,电子,300857,协创数据,0.888,2021-12-13
801080,电子,300866,安克创新,0.3194,2021-12-13
801080,电子,300889,爱克股份,0.0376,2021-12-13
801080,电子,300903,科翔股份,0.2777,2021-12-13
801080,电子,300909,汇创达,0.0396,2021-12-13
801080,电子,300916,朗特智能,0.0121,2021-12-13
801080,电子,300936,中英科技,0.0248,2021-12-13
801080,电子,300939,秋田微,0.0463,2021-12-13
801080,电子,300940,南极光,0.0143,2021-12-13
801080,电子,300951,博硕科技,0.0467,2021-12-13
801080,电子,300956,英力股份,0.0133,2021-12-13
801080,电子,300964,本川智能,0.0309,2021-12-13
801080,电子,300968,格林精密,0.0218,2021-12-13
801080,电子,300976,达瑞电子,0.0422,2021-12-13
801080,电子,300991,创益通,0.0193,2021-12-13
801080,电子,301031,中熔电气,0.0965,2021-12-13
801080,电子,301041,金百泽,0.0177,2021-12-13
801080,电子,301051,信濠光电,0.0307,2021-12-13
801080,电子,301067,显盈科技,0.0129,2021-12-13
801080,电子,301086,鸿富瀚,0.0803,2021-12-13
801080,电子,301180,万祥科技,0.0091,2021-12-13
801080,电子,600071,凤凰光学,0.0258,2021-12-13
801080,电子,600130,波导股份,0.031,2021-12-13
801080,电子,600171,上海贝岭,0.1311,2021-12-13
801080,电子,600183,生益科技,1.8062,2021-12-13
801080,电子,600203,福日电子,0.0525,2021-12-13
801080,电子,600206,有研新材,0.2623,2021-12-13
801080,电子,600237,铜峰电子,0.0318,2021-12-13
801080,电子,600353,旭光电子,0.1638,2021-12-13
801080,电子,600360,华微电子,0.0763,2021-12-13
801080,电子,600460,士兰微,0.332,2021-12-13
801080,电子,600552,凯盛科技,0.1008,2021-12-13
801080,电子,600563,法拉电子,0.1737,2021-12-13
801080,电子,600584,长电科技,0.9625,2021-12-13
801080,电子,600601,方正科技,0.4223,2021-12-13
801080,电子,600703,三安光电,0.4339,2021-12-13
801080,电子,600707,彩虹股份,0.1139,2021-12-13
801080,电子,601138,工业富联,2.2322,2021-12-13
801080,电子,601231,环旭电子,0.1851,2021-12-13
801080,电子,603002,宏昌电子,0.0848,2021-12-13
801080,电子,603005,晶方科技,0.1673,2021-12-13
801080,电子,603068,博通集成,0.0393,2021-12-13
801080,电子,603078,江化微,0.0762,2021-12-13
801080,电子,603160,汇顶科技,0.147,2021-12-13
801080,电子,603186,华正新材,0.1851,2021-12-13
801080,电子,603228,景旺电子,0.442,2021-12-13
801080,电子,603290,斯达半导,0.105,2021-12-13
801080,电子,603297,永新光学,0.0404,2021-12-13
801080,电子,603327,福蓉科技,0.026,2021-12-13
801080,电子,603328,依顿电子,0.0452,2021-12-13
801080,电子,603380,易德龙,0.0258,2021-12-13
801080,电子,603386,骏亚科技,0.0204,2021-12-13
801080,电子,603501,豪威集团,0.6618,2021-12-13
801080,电子,603595,ST东尼,0.0404,2021-12-13
801080,电子,603626,科森科技,0.0758,2021-12-13
801080,电子,603629,利通电子,0.2232,2021-12-13
801080,电子,603633,徕木股份,0.0205,2021-12-13
801080,电子,603679,华体科技,0.0213,2021-12-13
801080,电子,603685,晨丰科技,0.0328,2021-12-13
801080,电子,603690,至纯科技,0.0716,2021-12-13
801080,电子,603703,盛洋科技,0.0328,2021-12-13
801080,电子,603738,泰晶科技,0.105,2021-12-13
801080,电子,603773,沃格光电,0.1275,2021-12-13
801080,电子,603890,春秋电子,0.0785,2021-12-13
801080,电子,603893,瑞芯微,0.4122,2021-12-13
801080,电子,603920,世运电路,0.1501,2021-12-13
801080,电子,603931,格林达,0.0277,2021-12-13
801080,电子,603933,睿能科技,0.0157,2021-12-13
801080,电子,603936,博敏电子,0.0858,2021-12-13
801080,电子,603986,兆易创新,2.44,2021-12-13
801080,电子,603989,艾华集团,0.0448,2021-12-13
801080,电子,605058,澳弘电子,0.0128,2021-12-13
801080,电子,605111,新洁能,0.1854,2021-12-13
801080,电子,605218,伟时电子,0.0163,2021-12-13
801080,电子,605258,协和电子,0.0116,2021-12-13
801080,电子,605277,新亚电子,0.0353,2021-12-13
801080,电子,605358,立昂微,0.2174,2021-12-13
801080,电子,605588,冠石科技,0.0122,2021-12-13
801080,电子,688007,光峰科技,0.0348,2021-12-13
801080,电子,688008,澜起科技,1.9793,2021-12-13
801080,电子,688010,福光股份,0.0233,2021-12-13
801080,电子,688012,中微公司,2.4719,2021-12-13
801080,电子,688018,乐鑫科技,0.1806,2021-12-13
801080,电子,688019,安集科技,0.3616,2021-12-13
801080,电子,688020,方邦股份,0.0562,2021-12-13
801080,电子,688036,传音控股,0.2968,2021-12-13
801080,电子,688037,芯源微,0.4592,2021-12-13
801080,电子,688049,炬芯科技,0.0606,2021-12-13
801080,电子,688055,龙腾光电,0.0136,2021-12-13
801080,电子,688079,美迪凯,0.0292,2021-12-13
801080,电子,688082,盛美上海,0.3047,2021-12-13
801080,电子,688093,世华科技,0.0191,2021-12-13
801080,电子,688099,晶晨股份,0.3327,2021-12-13
801080,电子,688103,国力电子,0.0481,2021-12-13
801080,电子,688106,金宏气体,0.0903,2021-12-13
801080,电子,688107,安路科技,0.0437,2021-12-13
801080,电子,688110,东芯股份,0.3538,2021-12-13
801080,电子,688123,聚辰股份,0.1712,2021-12-13
801080,电子,688126,沪硅产业,0.398,2021-12-13
801080,电子,688127,蓝特光学,0.1407,2021-12-13
801080,电子,688135,利扬芯片,0.043,2021-12-13
801080,电子,688138,清溢光电,0.0448,2021-12-13
801080,电子,688181,八亿时空,0.0405,2021-12-13
801080,电子,688183,生益电子,0.3143,2021-12-13
801080,电子,688195,腾景科技,0.2487,2021-12-13
801080,电子,688200,华峰测控,0.5016,2021-12-13
801080,电子,688216,气派科技,0.0153,2021-12-13
801080,电子,688230,芯导科技,0.0191,2021-12-13
801080,电子,688233,神工股份,0.1037,2021-12-13
801080,电子,688256,寒武纪,3.5885,2021-12-13
801080,电子,688260,昀冢科技,0.0708,2021-12-13
801080,电子,688268,华特气体,0.0924,2021-12-13
801080,电子,688286,敏芯股份,0.029,2021-12-13
801080,电子,688299,长阳科技,0.0325,2021-12-13
801080,电子,688359,三孚新科,0.0594,2021-12-13
801080,电子,688368,晶丰明源,0.0727,2021-12-13
801080,电子,688385,复旦微电,0.1958,2021-12-13
801080,电子,688396,华润微,0.258,2021-12-13
801080,电子,688508,芯朋微,0.0899,2021-12-13
801080,电子,688519,南亚新材,0.2761,2021-12-13
801080,电子,688521,芯原股份,0.7623,2021-12-13
801080,电子,688536,思瑞浦,0.2783,2021-12-13
801080,电子,688538,和辉光电,0.0935,2021-12-13
801080,电子,688550,瑞联新材,0.0408,2021-12-13
801080,电子,688589,力合微,0.0246,2021-12-13
801080,电子,688601,力芯微,0.0478,2021-12-13
801080,电子,688608,恒玄科技,0.1715,2021-12-13
801080,电子,688655,迅捷兴,0.0327,2021-12-13
801080,电子,688662,富信科技,0.0622,2021-12-13
801080,电子,688678,福立旺,0.0575,2021-12-13
801080,电子,688689,银河微电,0.0247,2021-12-13
801080,电子,688699,明微电子,0.0309,2021-12-13
801080,电子,688711,宏微科技,0.0449,2021-12-13
801080,电子,688728,格科微,0.1432,2021-12-13
801080,电子,688766,普冉股份,0.3531,2021-12-13
801080,电子,688798,艾为电子,0.0755,2021-12-13
801080,电子,688800,瑞可达,0.1076,2021-12-13
801080,电子,688981,中芯国际,2.4862,2021-12-13
801080,电子,688210,统联精密,0.0382,2021-12-27
801080,电子,301189,奥尼电子,0.0359,2021-12-28
801080,电子,688262,国芯科技,0.068,2022-01-06
801080,电子,688234,天岳先进,0.2497,2022-01-12
801080,电子,688259,创耀科技,0.0203,2022-01-12
801080,电子,688220,翱捷科技,0.2318,2022-01-14
801080,电子,688173,希荻微,0.0313,2022-01-21
801080,电子,301123,奕东电子,0.0634,2022-01-25
801080,电子,688270,ST臻镭,0.1318,2022-01-27
801080,电子,301106,骏成科技,0.0188,2022-01-28
801080,电子,688261,东微半导,0.0454,2022-02-10
801080,电子,001308,康冠科技,0.0182,2022-03-18
801080,电子,688150,莱特光电,0.0716,2022-03-18
801080,电子,688048,长光华芯,0.335,2022-04-01
801080,电子,688153,唯捷创芯,0.0424,2022-04-12
801080,电子,688209,英集芯,0.072,2022-04-19
801080,电子,688072,拓荆科技,1.0604,2022-04-20
801080,电子,688279,峰岹科技,0.0939,2022-04-20
801080,电子,688052,纳芯微,0.259,2022-04-22
801080,电子,688325,赛微微电,0.0536,2022-04-22
801080,电子,688167,炬光科技,0.35,2022-05-17
801080,电子,688213,思特威-W,0.303,2022-05-20
801080,电子,300475,香农芯创,0.4459,2022-05-24
801080,电子,301183,东田微,0.1077,2022-05-24
801080,电子,688045,必易微,0.0261,2022-05-26
801080,电子,688120,华海清科,0.8351,2022-06-08
801080,电子,688047,龙芯中科,0.2072,2022-06-24
801080,电子,688322,奥比中光,0.1955,2022-07-12
801080,电子,688332,中科蓝讯,0.0653,2022-07-15
801080,电子,688130,晶华微,0.0095,2022-07-29
801080,电子,000509,华塑控股,0.0245,2022-08-01
801080,电子,000670,盈方微,0.0527,2022-08-01
801080,电子,002137,实益达,0.0281,2022-08-01
801080,电子,002426,胜利精密,0.0849,2022-08-01
801080,电子,002782,可立克,0.0337,2022-08-01
801080,电子,002841,视源股份,0.1929,2022-08-01
801080,电子,002885,京泉华,0.0495,2022-08-01
801080,电子,002992,宝明科技,0.0296,2022-08-01
801080,电子,300131,英唐智控,0.1681,2022-08-01
801080,电子,300269,联建光电,0.0241,2022-08-01
801080,电子,300285,国瓷材料,0.4956,2022-08-01
801080,电子,300331,苏大维格,0.0819,2022-08-01
801080,电子,300650,太龙股份,0.018,2022-08-01
801080,电子,300684,中石科技,0.1664,2022-08-01
801080,电子,300812,易天股份,0.0304,2022-08-01
801080,电子,300975,商络电子,0.0917,2022-08-01
801080,电子,301045,天禄科技,0.0292,2022-08-01
801080,电子,301099,雅创电子,0.0451,2022-08-01
801080,电子,600363,联创光电,0.0617,2022-08-01
801080,电子,600745,*ST闻泰,0.1682,2022-08-01
801080,电子,600877,电科芯片,0.0875,2022-08-01
801080,电子,688595,芯海科技,0.0254,2022-08-01
801080,电子,688371,菲沃泰,0.0364,2022-08-02
801080,电子,301308,江波龙,0.8162,2022-08-05
801080,电子,688380,中微半导,0.0691,2022-08-05
801080,电子,688661,和林微纳,0.0744,2022-08-05
801080,电子,301132,满坤科技,0.0201,2022-08-10
801080,电子,688041,海光信息,2.2065,2022-08-12
801080,电子,688401,路维光电,0.0808,2022-08-17
801080,电子,301321,翰博高新,0.0424,2022-08-18
801080,电子,688403,汇成股份,0.1903,2022-08-18
801080,电子,688381,帝奥微,0.0738,2022-08-23
801080,电子,301282,金禄电子,0.0456,2022-08-26
801080,电子,688416,恒烁股份,0.0555,2022-08-29
801080,电子,301328,维峰电子,0.0282,2022-09-08
801080,电子,688391,钜泉科技,0.0161,2022-09-13
801080,电子,688035,德邦科技,0.0509,2022-09-19
801080,电子,301326,捷邦科技,0.0259,2022-09-21
801080,电子,301369,联动科技,0.0521,2022-09-22
801080,电子,301366,一博科技,0.0518,2022-09-26
801080,电子,688252,天德钰,0.0357,2022-09-27
801080,电子,301176,逸豪新材,0.0262,2022-09-28
801080,电子,301285,鸿日达,0.0755,2022-09-28
801080,电子,301319,唯特偶,0.0752,2022-09-29
801080,电子,688409,富创精密,0.3117,2022-10-10
801080,电子,603052,可川科技,0.0338,2022-10-11
801080,电子,688061,灿瑞科技,0.0252,2022-10-18
801080,电子,688372,伟测科技,0.1517,2022-10-26
801080,电子,001298,好上好,0.0442,2022-10-31
801080,电子,301389,隆扬电子,0.0472,2022-10-31
801080,电子,301379,天山电子,0.0388,2022-11-01
801080,电子,688419,耐科装备,0.0236,2022-11-07
801080,电子,301359,东南电子,0.0079,2022-11-09
801080,电子,688432,有研硅,0.1563,2022-11-10
801080,电子,688362,甬矽电子,0.1605,2022-11-16
801080,电子,688172,燕东微,0.1792,2022-12-16
801080,电子,688498,源杰科技,1.4102,2022-12-21
801080,电子,688141,杰华特,0.3321,2022-12-23
801080,电子,301297,富乐德,0.0735,2022-12-30
801080,电子,688525,佰维存储,0.8465,2022-12-30
801080,电子,688515,裕太微-U,0.0684,2023-02-10
801080,电子,001314,亿道信息,0.0308,2023-02-14
801080,电子,688486,龙迅股份,0.0435,2023-02-21
801080,电子,603061,金海通,0.2037,2023-03-03
801080,电子,688502,茂莱光学,0.0822,2023-03-09
801080,电子,688535,华海诚科,0.0985,2023-04-04
801080,电子,688484,南芯科技,0.1066,2023-04-07
801080,电子,001287,中电港,0.0834,2023-04-10
801080,电子,301387,光大同创,0.0192,2023-04-18
801080,电子,688539,高华科技,0.0213,2023-04-18
801080,电子,688352,颀中科技,0.0628,2023-04-20
801080,电子,688146,中船特气,0.3161,2023-04-21
801080,电子,688478,晶升股份,0.0345,2023-04-24
801080,电子,688249,晶合集成,0.3162,2023-05-05
801080,电子,688469,芯联集成,0.4316,2023-05-10
801080,电子,688512,慧智微-U,0.0391,2023-05-16
801080,电子,688361,中科飞测,0.7837,2023-05-19
801080,电子,688458,美芯晟,0.0333,2023-05-22
801080,电子,001373,翔腾新材,0.0094,2023-06-01
801080,电子,688593,新相微,0.0773,2023-06-01
801080,电子,301383,天键股份,0.0119,2023-06-09
801080,电子,688620,安凯微,0.0389,2023-06-27
801080,电子,688582,芯动联科,0.0787,2023-06-30
801080,电子,002213,大为股份,0.0505,2023-07-06
801080,电子,301486,致尚科技,0.1052,2023-07-07
801080,电子,688603,天承科技,0.0603,2023-07-10
801080,电子,301329,信音电子,0.014,2023-07-17
801080,电子,688347,华虹宏力,0.7673,2023-08-07
801080,电子,603296,华勤技术,0.4337,2023-08-08
801080,电子,301348,蓝箭电子,0.0356,2023-08-10
801080,电子,688548,广钢气体,0.2303,2023-08-15
801080,电子,688693,锴威特,0.0234,2023-08-18
801080,电子,301421,波长光电,0.0331,2023-08-23
801080,电子,688591,泰凌微,0.0461,2023-08-25
801080,电子,301251,威尔高,0.0442,2023-09-06
801080,电子,688549,中巨芯-U,0.1175,2023-09-08
801080,电子,688702,盛科通信,0.3886,2023-09-14
801080,电子,301489,思泉新材,0.0943,2023-10-24
801080,电子,688653,康希通信,0.0441,2023-11-21
801080,电子,688652,京仪装备,0.1392,2023-11-29
801080,电子,688720,艾森股份,0.049,2023-12-06
801080,电子,301566,达利凯普,0.0375,2023-12-29
801080,电子,301567,贝隆精密,0.0085,2024-01-16
801080,电子,603375,盛景微,0.0205,2024-01-24
801080,电子,688709,成都华微,0.0412,2024-02-07
801080,电子,688584,上海合晶,0.0431,2024-02-08
801080,电子,603341,龙旗科技,0.1087,2024-03-01
801080,电子,301536,星宸科技,0.2335,2024-03-28
801080,电子,001389,广合科技,0.2533,2024-04-02
801080,电子,688691,灿芯股份,0.0486,2024-04-11
801080,电子,688530,欧莱新材,0.0409,2024-05-10
801080,电子,300489,光智科技,0.1749,2024-06-04
801080,电子,300784,利安科技,0.0075,2024-06-07
801080,电子,301606,绿联科技,0.0453,2024-07-26
801080,电子,001309,德明利,0.6189,2024-07-31
801080,电子,300053,航宇微,0.0719,2024-07-31
801080,电子,300868,杰美特,0.0513,2024-07-31
801080,电子,600330,天通股份,0.2917,2024-07-31
801080,电子,688378,奥来德,0.0797,2024-07-31
801080,电子,688496,*ST清越,0.0008,2024-07-31
801080,电子,688683,莱尔科技,0.0234,2024-07-31
801080,电子,688721,龙图光罩,0.0224,2024-08-06
801080,电子,301611,珂玛科技,0.1388,2024-08-16
801080,电子,301626,苏州天脉,0.1444,2024-10-24
801080,电子,301628,强达电路,0.0309,2024-10-31
801080,电子,688449,联芸科技,0.1005,2024-11-29
801080,电子,688605,先锋精科,0.0631,2024-12-12
801080,电子,301458,钧崴电子,0.0452,2025-01-10
801080,电子,688545,兴福电子,0.1229,2025-01-22
801080,电子,301275,汉朔科技,0.0816,2025-03-11
801080,电子,301479,弘景光电,0.0314,2025-03-18
801080,电子,301629,矽电股份,0.0464,2025-03-24
801080,电子,688775,影石创新,0.1575,2025-06-11
801080,电子,301678,新恒汇,0.045,2025-06-20
801080,电子,688729,屹唐股份,0.2562,2025-07-08
801080,电子,301630,同宇新材,0.0274,2025-07-10
801080,电子,301491,汉桑科技,0.0161,2025-08-06
801080,电子,002402,和而泰,0.1618,2025-08-13
801080,电子,603991,领先股份,0.1207,2025-08-13
801080,电子,301563,云汉芯城,0.0237,2025-09-30
801080,电子,603175,超颖电子,0.0436,2025-10-24
801080,电子,688783,西安奕材,0.0801,2025-10-28
801080,电子,688727,恒坤新材,0.0267,2025-11-18
801080,电子,688795,摩尔线程,0.171,2025-12-05
801080,电子,688790,昂瑞微-U,0.0146,2025-12-16
801080,电子,688802,沐曦股份,0.1274,2025-12-17
801080,电子,688807,优迅股份,0.0547,2025-12-19
801080,电子,688809,强一股份,0.1143,2025-12-30
801080,电子,688785,恒运昌,0.0414,2026-01-28
801080,电子,688781,视涯科技,0.0189,2026-03-25
801080,电子,603459,红板科技,0.0734,2026-04-08
801080,电子,301666,大普微-U,0.1171,2026-04-16
801080,电子,688820,盛合晶微,0.2339,2026-04-21
801080,电子,688797,臻宝科技,0.084,2026-06-24
801080,电子,001399,惠科股份,0.1014,2026-06-26
801080,电子,002141,贤丰控股,0.0498,2026-07-02
801080,电子,002552,宝鼎科技,0.0664,2026-07-02
801080,电子,300128,锦富技术,0.0529,2026-07-02
801080,电子,600641,先导基电,0.1965,2026-07-02
801080,电子,603115,海星股份,0.0784,2026-07-02
801080,电子,603316,诚邦股份,0.0237,2026-07-02
801080,电子,688307,中润光学,0.0405,2026-07-02
801080,电子,301583,托伦斯,0.0388,2026-07-10
801080,电子,688825,长鑫科技,2.6886,2026-07-27
801080,电子,001232,嘉立创,0.078,2026-08-04
801080,电子,301717,超纯应材,0.0673,2026-08-11
801080,电子,688002,睿创微纳,0.691,2026-08-25
801080,电子,000020,深华发A,0.0082,2021-12-13
801880,汽车,000338,潍柴动力,7.4432,2021-12-13
801880,汽车,000550,江铃汽车,0.1618,2021-12-13
801880,汽车,000559,万向钱潮,0.7031,2021-12-13
801880,汽车,000570,苏常柴A,0.0977,2021-12-13
801880,汽车,000572,海马汽车,0.241,2021-12-13
801880,汽车,000581,威孚高科,0.4825,2021-12-13
801880,汽车,000589,贵州轮胎,0.2972,2021-12-13
801880,汽车,000599,青岛双星,0.1266,2021-12-13
801880,汽车,000625,长安汽车,1.8045,2021-12-13
801880,汽车,000678,襄阳轴承,0.1335,2021-12-13
801880,汽车,000700,模塑科技,0.3763,2021-12-13
801880,汽车,000757,浩物股份,0.0831,2021-12-13
801880,汽车,000800,一汽解放,0.3094,2021-12-13
801880,汽车,000816,智慧农业,0.1798,2021-12-13
801880,汽车,000868,安凯客车,0.0997,2021-12-13
801880,汽车,000887,中鼎股份,0.9035,2021-12-13
801880,汽车,000903,ST云动,0.1412,2021-12-13
801880,汽车,000913,钱江摩托,0.1759,2021-12-13
801880,汽车,000951,中国重汽,0.6075,2021-12-13
801880,汽车,000957,中通客车,0.2335,2021-12-13
801880,汽车,000980,众泰汽车,0.3429,2021-12-13
801880,汽车,002048,宁波华翔,0.4704,2021-12-13
801880,汽车,002085,万丰奥威,0.7686,2021-12-13
801880,汽车,002101,广东鸿图,0.1577,2021-12-13
801880,汽车,002105,信隆健康,0.0649,2021-12-13
801880,汽车,002126,银轮股份,1.7489,2021-12-13
801880,汽车,002239,奥特佳,0.4686,2021-12-13
801880,汽车,002265,建设工业,0.2542,2021-12-13
801880,汽车,002283,天润工业,0.3589,2021-12-13
801880,汽车,002284,亚太股份,0.2442,2021-12-13
801880,汽车,002328,新朋股份,0.2881,2021-12-13
801880,汽车,002355,兴民智通,0.1471,2021-12-13
801880,汽车,002363,隆基机械,0.0938,2021-12-13
801880,汽车,002406,远东传动,0.2132,2021-12-13
801880,汽车,002434,万里扬,0.2157,2021-12-13
801880,汽车,002448,中原内配,0.3047,2021-12-13
801880,汽车,002454,松芝股份,0.1361,2021-12-13
801880,汽车,002472,双环传动,1.3882,2021-12-13
801880,汽车,002488,金固股份,0.2761,2021-12-13
801880,汽车,002510,天汽模,0.2394,2021-12-13
801880,汽车,002516,旷达科技,0.2139,2021-12-13
801880,汽车,002536,飞龙股份,1.1808,2021-12-13
801880,汽车,002537,海联金汇,0.3261,2021-12-13
801880,汽车,002553,南方精工,0.2135,2021-12-13
801880,汽车,002590,万安科技,0.1447,2021-12-13
801880,汽车,002592,ST八菱,0.0731,2021-12-13
801880,汽车,002594,比亚迪,12.2747,2021-12-13
801880,汽车,002662,峰璟股份,0.1644,2021-12-13
801880,汽车,002664,信质集团,0.1723,2021-12-13
801880,汽车,002703,浙江世宝,0.3028,2021-12-13
801880,汽车,002708,光洋股份,0.3158,2021-12-13
801880,汽车,002715,登云股份,0.0688,2021-12-13
801880,汽车,002725,跃岭股份,0.0977,2021-12-13
801880,汽车,002766,索菱股份,0.1075,2021-12-13
801880,汽车,002813,路畅科技,0.0505,2021-12-13
801880,汽车,002863,今飞凯达,0.1077,2021-12-13
801880,汽车,002906,华阳集团,0.3594,2021-12-13
801880,汽车,002921,联诚精密,0.1155,2021-12-13
801880,汽车,002984,森麒麟,0.4184,2021-12-13
801880,汽车,002997,瑞鹄模具,0.2004,2021-12-13
801880,汽车,003033,征和工业,0.0986,2021-12-13
801880,汽车,300100,双林股份,0.3579,2021-12-13
801880,汽车,300176,鸿特科技,0.1026,2021-12-13
801880,汽车,300258,精锻科技,0.136,2021-12-13
801880,汽车,300304,云意电气,0.3391,2021-12-13
801880,汽车,300375,鹏翎股份,0.1102,2021-12-13
801880,汽车,300428,立中集团,0.2419,2021-12-13
801880,汽车,300473,德尔股份,0.1819,2021-12-13
801880,汽车,300507,苏奥传感,0.1894,2021-12-13
801880,汽车,300547,川环科技,0.2377,2021-12-13
801880,汽车,300580,贝斯特,0.2198,2021-12-13
801880,汽车,300585,奥联电子,0.0912,2021-12-13
801880,汽车,300611,美力科技,0.1266,2021-12-13
801880,汽车,300643,万通智控,0.1137,2021-12-13
801880,汽车,300652,雷迪克,0.0979,2021-12-13
801880,汽车,300680,隆盛科技,0.2314,2021-12-13
801880,汽车,300681,英搏尔,0.2663,2021-12-13
801880,汽车,300694,蠡湖股份,0.0883,2021-12-13
801880,汽车,300695,兆丰股份,0.0829,2021-12-13
801880,汽车,300707,威唐工业,0.0806,2021-12-13
801880,汽车,300733,西菱动力,0.1685,2021-12-13
801880,汽车,300816,艾可蓝,0.1644,2021-12-13
801880,汽车,300825,阿尔特,0.3012,2021-12-13
801880,汽车,300863,卡倍亿,0.2545,2021-12-13
801880,汽车,300912,凯龙高科,0.0739,2021-12-13
801880,汽车,300926,博俊科技,0.1406,2021-12-13
801880,汽车,300928,华安鑫创,0.0626,2021-12-13
801880,汽车,300978,东箭科技,0.0809,2021-12-13
801880,汽车,300994,久祺股份,0.0523,2021-12-13
801880,汽车,300998,宁波方正,0.109,2021-12-13
801880,汽车,301000,肇民科技,0.125,2021-12-13
801880,汽车,301005,超捷股份,0.3743,2021-12-13
801880,汽车,301007,德迈仕,0.2126,2021-12-13
801880,汽车,301020,密封科技,0.0562,2021-12-13
801880,汽车,301022,海泰科,0.0704,2021-12-13
801880,汽车,301039,中集车辆,0.3153,2021-12-13
801880,汽车,301072,中捷精工,0.0829,2021-12-13
801880,汽车,301119,正强股份,0.0598,2021-12-13
801880,汽车,301133,金钟股份,0.0674,2021-12-13
801880,汽车,301221,光庭信息,0.0941,2021-12-13
801880,汽车,600006,东风股份,0.2451,2021-12-13
801880,汽车,600066,宇通客车,2.056,2021-12-13
801880,汽车,600081,东风科技,0.0813,2021-12-13
801880,汽车,600099,林海股份,0.0676,2021-12-13
801880,汽车,600104,上汽集团,1.6795,2021-12-13
801880,汽车,600148,长春一东,0.0715,2021-12-13
801880,汽车,600166,福田汽车,0.6833,2021-12-13
801880,汽车,600178,东安动力,0.1324,2021-12-13
801880,汽车,600182,S佳通,0.1269,2021-12-13
801880,汽车,600218,全柴动力,0.1264,2021-12-13
801880,汽车,600303,曙光股份,0.0996,2021-12-13
801880,汽车,600335,国机汽车,0.1162,2021-12-13
801880,汽车,600386,北巴传媒,0.074,2021-12-13
801880,汽车,600418,江淮汽车,1.7472,2021-12-13
801880,汽车,600469,风神股份,0.1145,2021-12-13
801880,汽车,600480,凌云股份,0.3126,2021-12-13
801880,汽车,600523,贵航股份,0.1397,2021-12-13
801880,汽车,600609,金杯汽车,0.1772,2021-12-13
801880,汽车,600626,申达股份,0.1161,2021-12-13
801880,汽车,600653,申华控股,0.141,2021-12-13
801880,汽车,600660,福耀玻璃,4.6617,2021-12-13
801880,汽车,600679,上海凤凰,0.0791,2021-12-13
801880,汽车,600686,金龙汽车,0.2559,2021-12-13
801880,汽车,600698,湖南天雁,0.196,2021-12-13
801880,汽车,600699,均胜电子,0.9196,2021-12-13
801880,汽车,600741,华域汽车,1.1733,2021-12-13
801880,汽车,600742,富维股份,0.1867,2021-12-13
801880,汽车,600822,上海物贸,0.0758,2021-12-13
801880,汽车,600933,爱柯迪,0.3686,2021-12-13
801880,汽车,600960,渤海汽车,0.1144,2021-12-13
801880,汽车,601058,赛轮轮胎,1.7298,2021-12-13
801880,汽车,601163,三角轮胎,0.192,2021-12-13
801880,汽车,601238,广汽集团,0.4542,2021-12-13
801880,汽车,601279,英利汽车,0.0737,2021-12-13
801880,汽车,601500,通用股份,0.2892,2021-12-13
801880,汽车,601633,长城汽车,0.9403,2021-12-13
801880,汽车,601689,拓普集团,1.8946,2021-12-13
801880,汽车,601777,千里科技,0.8497,2021-12-13
801880,汽车,601965,中国汽研,0.296,2021-12-13
801880,汽车,601966,玲珑轮胎,0.4046,2021-12-13
801880,汽车,603006,联明股份,0.0442,2021-12-13
801880,汽车,603009,北特科技,0.5388,2021-12-13
801880,汽车,603013,亚普股份,0.084,2021-12-13
801880,汽车,603023,威帝股份,0.0667,2021-12-13
801880,汽车,603035,常熟汽饰,0.1524,2021-12-13
801880,汽车,603037,凯众股份,0.1048,2021-12-13
801880,汽车,603040,新坐标,0.2563,2021-12-13
801880,汽车,603048,浙江黎明,0.0567,2021-12-13
801880,汽车,603085,天成自控,0.1367,2021-12-13
801880,汽车,603089,正裕工业,0.0535,2021-12-13
801880,汽车,603109,神驰机电,0.0831,2021-12-13
801880,汽车,603121,华培动力,0.1246,2021-12-13
801880,汽车,603129,春风动力,1.5618,2021-12-13
801880,汽车,603158,腾龙股份,0.2006,2021-12-13
801880,汽车,603161,科华控股,0.1164,2021-12-13
801880,汽车,603166,福达股份,0.1612,2021-12-13
801880,汽车,603178,圣龙股份,0.0938,2021-12-13
801880,汽车,603179,新泉股份,1.0266,2021-12-13
801880,汽车,603197,保隆科技,0.2534,2021-12-13
801880,汽车,603239,浙江仙通,0.0927,2021-12-13
801880,汽车,603286,日盈电子,0.1651,2021-12-13
801880,汽车,603305,旭升集团,0.2177,2021-12-13
801880,汽车,603306,华懋科技,0.9568,2021-12-13
801880,汽车,603319,美湖股份,0.415,2021-12-13
801880,汽车,603335,迪生力,0.0862,2021-12-13
801880,汽车,603348,文灿股份,0.1386,2021-12-13
801880,汽车,603358,华达科技,0.5656,2021-12-13
801880,汽车,603390,通达电气,0.083,2021-12-13
801880,汽车,603529,爱玛科技,0.3115,2021-12-13
801880,汽车,603586,金麒麟,0.0608,2021-12-13
801880,汽车,603596,伯特利,0.9613,2021-12-13
801880,汽车,603655,朗博科技,0.0572,2021-12-13
801880,汽车,603701,德宏股份,0.1553,2021-12-13
801880,汽车,603730,岱美股份,0.252,2021-12-13
801880,汽车,603758,秦安股份,0.0966,2021-12-13
801880,汽车,603766,隆鑫通用,0.8585,2021-12-13
801880,汽车,603767,中马传动,0.0849,2021-12-13
801880,汽车,603768,常青股份,0.0693,2021-12-13
801880,汽车,603776,永安行,0.1397,2021-12-13
801880,汽车,603786,科博达,0.1913,2021-12-13
801880,汽车,603787,新日股份,0.0479,2021-12-13
801880,汽车,603788,宁波高发,0.0759,2021-12-13
801880,汽车,603809,豪能股份,0.3312,2021-12-13
801880,汽车,603917,合力科技,0.1028,2021-12-13
801880,汽车,603922,ST金鸿顺,0.0734,2021-12-13
801880,汽车,603926,铁流股份,0.1176,2021-12-13
801880,汽车,603949,雪龙集团,0.0539,2021-12-13
801880,汽车,603950,长源东谷,0.4448,2021-12-13
801880,汽车,603982,泉峰汽车,0.0731,2021-12-13
801880,汽车,603997,继峰股份,0.4801,2021-12-13
801880,汽车,605005,合兴股份,0.0579,2021-12-13
801880,汽车,605018,长华集团,0.0698,2021-12-13
801880,汽车,605068,明新旭腾,0.0681,2021-12-13
801880,汽车,605088,冠盛股份,0.1517,2021-12-13
801880,汽车,605128,上海沿浦,0.2884,2021-12-13
801880,汽车,605133,嵘泰股份,0.1829,2021-12-13
801880,汽车,605228,神通科技,0.1071,2021-12-13
801880,汽车,605255,天普股份,0.1248,2021-12-13
801880,汽车,605319,无锡振华,0.1948,2021-12-13
801880,汽车,605333,沪光股份,0.1267,2021-12-13
801880,汽车,688021,奥福科技,0.0526,2021-12-13
801880,汽车,688280,精进电动,0.1268,2021-12-13
801880,汽车,688533,上声电子,0.0525,2021-12-13
801880,汽车,688667,菱电电控,0.1231,2021-12-13
801880,汽车,688737,中自科技,0.0694,2021-12-13
801880,汽车,301186,超达装备,0.0963,2021-12-23
801880,汽车,301181,标榜股份,0.0711,2022-02-21
801880,汽车,603266,天龙股份,0.0848,2022-02-23
801880,汽车,301215,中汽股份,0.0935,2022-03-08
801880,汽车,301298,东利机械,0.0706,2022-06-06
801880,汽车,301233,盛帮股份,0.0548,2022-07-06
801880,汽车,603211,晋拓股份,0.0928,2022-07-25
801880,汽车,000901,航天科技,0.3989,2022-08-01
801880,汽车,000981,山子高科,0.5838,2022-08-01
801880,汽车,002190,成飞集成,0.2584,2022-08-01
801880,汽车,002547,*ST春兴,0.1203,2022-08-01
801880,汽车,002870,香山股份,0.2027,2022-08-01
801880,汽车,002965,祥鑫科技,0.3002,2022-08-01
801880,汽车,002976,瑞玛精密,0.1225,2022-08-01
801880,汽车,300237,ST美晨,0.124,2022-08-01
801880,汽车,300745,欣锐科技,0.1964,2022-08-01
801880,汽车,300893,松原安全,0.1165,2022-08-01
801880,汽车,300969,恒帅股份,0.1666,2022-08-01
801880,汽车,600733,北汽蓝谷,1.0047,2022-08-01
801880,汽车,600818,ST中路,0.0921,2022-08-01
801880,汽车,601799,星宇股份,0.5711,2022-08-01
801880,汽车,605151,西上海,0.0455,2022-08-01
801880,汽车,301192,泰祥股份,0.0344,2022-08-11
801880,汽车,001319,铭科精技,0.0639,2022-12-07
801880,汽车,301398,星源卓镁,0.0684,2022-12-15
801880,汽车,001260,坤泰股份,0.051,2023-02-16
801880,汽车,603190,亚通精工,0.054,2023-02-17
801880,汽车,001311,多利科技,0.1,2023-02-27
801880,汽车,301322,绿通科技,0.1578,2023-03-06
801880,汽车,001278,一彬科技,0.0493,2023-03-08
801880,汽车,301345,涛涛车业,0.3796,2023-03-20
801880,汽车,001380,华纬科技,0.1297,2023-05-16
801880,汽车,001282,三联锻造,0.0578,2023-05-24
801880,汽车,301310,鑫宏业,0.1889,2023-06-02
801880,汽车,301225,恒勃股份,0.1288,2023-06-16
801880,汽车,301170,锡南科技,0.0441,2023-06-27
801880,汽车,301397,溯联股份,0.1299,2023-06-28
801880,汽车,301488,豪恩汽电,0.1722,2023-07-04
801880,汽车,002806,华锋股份,0.0908,2023-07-06
801880,汽车,600375,汉马科技,0.2617,2023-07-06
801880,汽车,600841,动力新科,0.1089,2023-07-06
801880,汽车,301499,维科精密,0.0487,2023-07-21
801880,汽车,688612,威迈斯,0.5096,2023-07-26
801880,汽车,603119,浙江荣泰,0.7131,2023-08-01
801880,汽车,301529,福赛科技,0.341,2023-09-11
801880,汽车,603107,上海汽配,0.1004,2023-11-01
801880,汽车,301539,宏鑫科技,0.0382,2024-04-15
801880,汽车,301552,科力装备,0.0443,2024-07-22
801880,汽车,002937,兴瑞科技,0.2201,2024-07-31
801880,汽车,300446,航天智造,0.2855,2024-07-31
801880,汽车,301550,斯菱智驱,0.695,2024-07-31
801880,汽车,600651,飞乐音响,0.2614,2024-07-31
801880,汽车,600676,久事动娱,0.19,2024-07-31
801880,汽车,601127,赛力斯,1.5586,2024-07-31
801880,汽车,603201,常润股份,0.0532,2024-07-31
801880,汽车,301607,富特科技,0.3184,2024-09-04
801880,汽车,301613,新铝时代,0.1014,2024-10-25
801880,汽车,301229,纽泰格,0.0639,2024-11-19
801880,汽车,301631,壹连科技,0.1294,2024-11-22
801880,汽车,301581,黄山谷捷,0.0418,2025-01-03
801880,汽车,301173,毓恬冠佳,0.0539,2025-03-03
801880,汽车,603409,汇通控股,0.0559,2025-03-04
801880,汽车,301535,浙江华远,0.054,2025-03-27
801880,汽车,603210,泰鸿万立,0.1436,2025-04-09
801880,汽车,603202,天有为,0.1375,2025-04-24
801880,汽车,301560,众捷汽车,0.0767,2025-04-25
801880,汽车,603049,中策橡胶,0.3167,2025-06-05
801880,汽车,002765,蓝黛科技,0.1714,2025-08-13
801880,汽车,603418,友升股份,0.1043,2025-09-23
801880,汽车,301656,联合动力,0.1721,2025-09-25
801880,汽车,001285,瑞立科密,0.1055,2025-09-30
801880,汽车,603376,大明电子,0.0512,2025-11-07
801880,汽车,001233,海安集团,0.0951,2025-11-25
801880,汽车,301667,纳百川,0.0799,2025-12-23
801880,汽车,603352,至信股份,0.0674,2026-01-15
801880,汽车,301680,固德电材,0.0903,2026-03-06
801880,汽车,603293,埃泰克,0.0773,2026-04-16
801880,汽车,001365,天海电子,0.1122,2026-05-18
801880,汽车,600151,航天机电,0.5037,2026-07-02
801880,汽车,603007,顺景科技,0.2036,2026-07-02
801880,汽车,603960,克来机电,0.1529,2026-07-02
801880,汽车,603468,津富士达,0.0535,2026-08-06
801880,汽车,301655,绿控传动,0.0612,2026-08-20
801880,汽车,000030,富奥股份,0.1074,2021-12-13
801110,家用电器,000404,长虹华意,0.2977,2021-12-13
801110,家用电器,000521,长虹美菱,0.2883,2021-12-13
801110,家用电器,000541,佛山照明,0.2814,2021-12-13
801110,家用电器,000651,格力电器,15.0683,2021-12-13
801110,家用电器,000801,四川九洲,0.6153,2021-12-13
801110,家用电器,000810,创维数字,0.456,2021-12-13
801110,家用电器,000921,海信家电,1.0214,2021-12-13
801110,家用电器,002005,德豪润达,0.2592,2021-12-13
801110,家用电器,002011,盾安环境,0.5707,2021-12-13
801110,家用电器,002032,苏泊尔,0.5137,2021-12-13
801110,家用电器,002035,华帝股份,0.2705,2021-12-13
801110,家用电器,002050,三花智控,7.0595,2021-12-13
801110,家用电器,002076,星光股份,0.1767,2021-12-13
801110,家用电器,002242,九阳股份,0.1996,2021-12-13
801110,家用电器,002290,禾盛新材,0.8185,2021-12-13
801110,家用电器,002403,爱仕达,0.1495,2021-12-13
801110,家用电器,002418,康盛股份,0.4425,2021-12-13
801110,家用电器,002429,兆驰股份,1.4193,2021-12-13
801110,家用电器,002508,老板电器,0.6849,2021-12-13
801110,家用电器,002543,万和电气,0.1342,2021-12-13
801110,家用电器,002614,奥佳华,0.2085,2021-12-13
801110,家用电器,002668,TCL智家,0.4808,2021-12-13
801110,家用电器,002676,顺威股份,0.2057,2021-12-13
801110,家用电器,002677,浙江美大,0.1524,2021-12-13
801110,家用电器,002705,新宝股份,0.2816,2021-12-13
801110,家用电器,002723,小崧股份,0.1659,2021-12-13
801110,家用电器,002860,星帅尔,0.3694,2021-12-13
801110,家用电器,002959,小熊电器,0.1553,2021-12-13
801110,家用电器,300160,秀强股份,0.1909,2021-12-13
801110,家用电器,300217,东方电热,0.3925,2021-12-13
801110,家用电器,300247,融捷健康,0.2261,2021-12-13
801110,家用电器,300342,天银机电,0.9772,2021-12-13
801110,家用电器,300403,汉宇集团,0.3206,2021-12-13
801110,家用电器,300625,三雄极光,0.102,2021-12-13
801110,家用电器,300824,北鼎股份,0.0901,2021-12-13
801110,家用电器,300894,火星人,0.1711,2021-12-13
801110,家用电器,300911,亿田智能,0.2297,2021-12-13
801110,家用电器,301008,宏昌科技,0.2532,2021-12-13
801110,家用电器,600060,海信视像,1.874,2021-12-13
801110,家用电器,600261,阳光照明,0.2208,2021-12-13
801110,家用电器,600336,澳柯玛,0.2914,2021-12-13
801110,家用电器,600619,海立股份,0.6162,2021-12-13
801110,家用电器,600690,海尔智家,7.6842,2021-12-13
801110,家用电器,600839,四川长虹,2.3789,2021-12-13
801110,家用电器,600983,惠而浦,0.1078,2021-12-13
801110,家用电器,601956,东贝集团,0.155,2021-12-13
801110,家用电器,603112,华翔股份,0.3266,2021-12-13
801110,家用电器,603219,富佳股份,0.1637,2021-12-13
801110,家用电器,603303,得邦照明,0.2859,2021-12-13
801110,家用电器,603311,金海高科,0.248,2021-12-13
801110,家用电器,603355,莱克电气,0.2902,2021-12-13
801110,家用电器,603366,日出东方,0.2422,2021-12-13
801110,家用电器,603486,科沃斯,0.957,2021-12-13
801110,家用电器,603515,欧普照明,0.167,2021-12-13
801110,家用电器,603519,立霸股份,0.1895,2021-12-13
801110,家用电器,603551,奥普科技,0.0997,2021-12-13
801110,家用电器,603578,三星新材,0.0857,2021-12-13
801110,家用电器,603579,荣泰健康,0.1772,2021-12-13
801110,家用电器,603657,春光科技,0.1073,2021-12-13
801110,家用电器,603677,奇精机械,0.0726,2021-12-13
801110,家用电器,603726,朗迪集团,0.1942,2021-12-13
801110,家用电器,603868,飞科电器,0.1334,2021-12-13
801110,家用电器,605336,*ST帅电,0.067,2021-12-13
801110,家用电器,605365,立达信,0.1441,2021-12-13
801110,家用电器,605555,德昌股份,0.2109,2021-12-13
801110,家用电器,688169,石头科技,2.6162,2021-12-13
801110,家用电器,688609,九联科技,0.351,2021-12-13
801110,家用电器,688793,倍轻松,0.0755,2021-12-13
801110,家用电器,603215,比依股份,0.0984,2022-02-18
801110,家用电器,301187,欧圣电气,0.111,2022-04-22
801110,家用电器,001268,联合精密,0.165,2022-06-30
801110,家用电器,001259,利仁科技,0.1058,2022-08-31
801110,家用电器,301332,德尔玛,0.1345,2023-05-18
801110,家用电器,301252,同星科技,0.1701,2023-05-25
801110,家用电器,301362,民爆光电,0.4115,2023-08-04
801110,家用电器,603075,热威股份,0.0784,2023-09-11
801110,家用电器,001326,联域股份,0.1419,2023-11-09
801110,家用电器,301578,辰奕智能,0.0685,2023-12-28
801110,家用电器,001387,雪祺电气,0.1079,2024-01-11
801110,家用电器,300272,开能健康,0.1931,2024-05-22
801110,家用电器,000016,*ST康佳A,0.2549,2024-07-31
801110,家用电器,002638,勤上股份,0.3436,2024-07-31
801110,家用电器,002724,海洋王,0.1526,2024-07-31
801110,家用电器,002848,高斯贝尔,0.1604,2024-07-31
801110,家用电器,003023,彩虹集团,0.1117,2024-07-31
801110,家用电器,003028,振邦智能,0.0847,2024-07-31
801110,家用电器,300279,和晶科技,0.1974,2024-07-31
801110,家用电器,300543,朗科智能,0.1324,2024-07-31
801110,家用电器,301135,瑞德智能,0.122,2024-07-31
801110,家用电器,301280,珠城科技,0.2192,2024-07-31
801110,家用电器,688696,极米科技,0.4222,2024-07-31
801110,家用电器,600854,春兰股份,0.1535,2026-07-02
801110,家用电器,000333,美的集团,39.6211,2021-12-13
801120,食品饮料,000596,古井贡酒,0.8696,2021-12-13
801120,食品饮料,000729,燕京啤酒,0.7111,2021-12-13
801120,食品饮料,000752,*ST西发,0.1042,2021-12-13
801120,食品饮料,000799,酒鬼酒,0.5475,2021-12-13
801120,食品饮料,000848,承德露露,0.3023,2021-12-13
801120,食品饮料,000858,五粮液,7.8514,2021-12-13
801120,食品饮料,000860,顺鑫农业,0.3164,2021-12-13
801120,食品饮料,000869,张裕A,0.112,2021-12-13
801120,食品饮料,000895,双汇发展,1.5246,2021-12-13
801120,食品饮料,000929,兰州黄河,0.0753,2021-12-13
801120,食品饮料,000995,皇台酒业,0.0821,2021-12-13
801120,食品饮料,001215,千味央厨,0.1071,2021-12-13
801120,食品饮料,001219,青岛食品,0.08,2021-12-13
801120,食品饮料,002216,三全食品,0.2313,2021-12-13
801120,食品饮料,002304,洋河股份,1.282,2021-12-13
801120,食品饮料,002329,皇氏集团,0.1446,2021-12-13
801120,食品饮料,002330,得利斯,0.0983,2021-12-13
801120,食品饮料,002461,珠江啤酒,0.1909,2021-12-13
801120,食品饮料,002495,佳隆股份,0.0875,2021-12-13
801120,食品饮料,002507,涪陵榨菜,0.5058,2021-12-13
801120,食品饮料,002515,金字火腿,0.4207,2021-12-13
801120,食品饮料,002557,洽洽食品,0.3401,2021-12-13
801120,食品饮料,002568,百润股份,0.5624,2021-12-13
801120,食品饮料,002570,贝因美,0.2401,2021-12-13
801120,食品饮料,002582,好想你,0.1797,2021-12-13
801120,食品饮料,002626,金达威,0.2662,2021-12-13
801120,食品饮料,002646,天佑德酒,0.1235,2021-12-13
801120,食品饮料,002650,ST加加,0.2318,2021-12-13
801120,食品饮料,002695,煌上煌,0.1249,2021-12-13
801120,食品饮料,002702,海欣食品,0.1228,2021-12-13
801120,食品饮料,002726,ST龙大,0.1043,2021-12-13
801120,食品饮料,002732,燕塘乳业,0.0576,2021-12-13
801120,食品饮料,002820,桂发祥,0.0819,2021-12-13
801120,食品饮料,002840,华统股份,0.2439,2021-12-13
801120,食品饮料,002847,盐津铺子,0.2807,2021-12-13
801120,食品饮料,002910,庄园牧场,0.0624,2021-12-13
801120,食品饮料,002946,新乳业,0.1878,2021-12-13
801120,食品饮料,002956,西麦食品,0.1466,2021-12-13
801120,食品饮料,002991,甘源食品,0.0859,2021-12-13
801120,食品饮料,003000,劲仔食品,0.1401,2021-12-13
801120,食品饮料,300106,西部牧业,0.0879,2021-12-13
801120,食品饮料,300146,汤臣倍健,0.5832,2021-12-13
801120,食品饮料,300783,三只松鼠,0.2596,2021-12-13
801120,食品饮料,300791,仙乐健康,0.0857,2021-12-13
801120,食品饮料,300898,熊猫乳品,0.0651,2021-12-13
801120,食品饮料,300908,仲景食品,0.0921,2021-12-13
801120,食品饮料,300915,海融科技,0.0438,2021-12-13
801120,食品饮料,300973,立高食品,0.1406,2021-12-13
801120,食品饮料,300997,欢乐家,0.1395,2021-12-13
801120,食品饮料,600059,古越龙山,0.3203,2021-12-13
801120,食品饮料,600073,光明肉业,0.2112,2021-12-13
801120,食品饮料,600084,*ST尼雅,0.1273,2021-12-13
801120,食品饮料,600132,重庆啤酒,0.4848,2021-12-13
801120,食品饮料,600186,莲花控股,1.0045,2021-12-13
801120,食品饮料,600189,泉阳泉,0.179,2021-12-13
801120,食品饮料,600197,伊力特,0.1608,2021-12-13
801120,食品饮料,600199,金种子酒,0.2262,2021-12-13
801120,食品饮料,600238,ST椰岛,0.0902,2021-12-13
801120,食品饮料,600298,安琪酵母,1.3845,2021-12-13
801120,食品饮料,600300,维维股份,0.2288,2021-12-13
801120,食品饮料,600305,恒顺醋业,0.2705,2021-12-13
801120,食品饮料,600381,*ST春天,0.0911,2021-12-13
801120,食品饮料,600419,天润乳业,0.1128,2021-12-13
801120,食品饮料,600429,三元股份,0.1269,2021-12-13
801120,食品饮料,600519,贵州茅台,40.035,2021-12-13
801120,食品饮料,600530,ST交昂,0.0789,2021-12-13
801120,食品饮料,600543,*ST莫高,0.0549,2021-12-13
801120,食品饮料,600559,老白干酒,0.5015,2021-12-13
801120,食品饮料,600573,惠泉啤酒,0.0788,2021-12-13
801120,食品饮料,600597,光明乳业,0.2921,2021-12-13
801120,食品饮料,600600,青岛啤酒,0.9238,2021-12-13
801120,食品饮料,600616,金枫酒业,0.1147,2021-12-13
801120,食品饮料,600702,舍得酒业,0.4958,2021-12-13
801120,食品饮料,600779,水井坊,0.3024,2021-12-13
801120,食品饮料,600809,山西汾酒,3.1382,2021-12-13
801120,食品饮料,600872,中炬高新,0.6499,2021-12-13
801120,食品饮料,600882,妙可蓝多,0.3043,2021-12-13
801120,食品饮料,600887,伊利股份,9.6851,2021-12-13
801120,食品饮料,601579,会稽山,0.2538,2021-12-13
801120,食品饮料,603027,千禾味业,0.2966,2021-12-13
801120,食品饮料,603043,广州酒家,0.148,2021-12-13
801120,食品饮料,603156,养元饮品,1.2915,2021-12-13
801120,食品饮料,603198,迎驾贡酒,0.5213,2021-12-13
801120,食品饮料,603288,海天味业,3.3787,2021-12-13
801120,食品饮料,603317,天味食品,0.2271,2021-12-13
801120,食品饮料,603345,安井食品,1.056,2021-12-13
801120,食品饮料,603369,今世缘,1.3033,2021-12-13
801120,食品饮料,603517,ST绝味,0.2163,2021-12-13
801120,食品饮料,603536,惠发食品,0.049,2021-12-13
801120,食品饮料,603589,口子窖,0.4206,2021-12-13
801120,食品饮料,603696,安记食品,0.0898,2021-12-13
801120,食品饮料,603697,有友食品,0.0877,2021-12-13
801120,食品饮料,603711,香飘飘,0.0558,2021-12-13
801120,食品饮料,603719,良品铺子,0.099,2021-12-13
801120,食品饮料,603755,日辰股份,0.0642,2021-12-13
801120,食品饮料,603777,来伊份,0.1154,2021-12-13
801120,食品饮料,603779,威龙股份,0.1081,2021-12-13
801120,食品饮料,603866,桃李面包,0.1658,2021-12-13
801120,食品饮料,603886,元祖股份,0.0864,2021-12-13
801120,食品饮料,603919,金徽酒,0.2355,2021-12-13
801120,食品饮料,605089,味知香,0.0487,2021-12-13
801120,食品饮料,605179,一鸣食品,0.15,2021-12-13
801120,食品饮料,605300,佳禾食品,0.0858,2021-12-13
801120,食品饮料,605337,李子园,0.0883,2021-12-13
801120,食品饮料,605338,巴比食品,0.102,2021-12-13
801120,食品饮料,605339,南侨食品,0.0574,2021-12-13
801120,食品饮料,605388,均瑶健康,0.0765,2021-12-13
801120,食品饮料,605499,东鹏饮料,1.9738,2021-12-13
801120,食品饮料,605567,春雪食品,0.0745,2021-12-13
801120,食品饮料,603102,百合股份,0.0869,2022-01-25
801120,食品饮料,001318,阳光乳业,0.063,2022-05-20
801120,食品饮料,603170,宝立食品,0.1092,2022-07-15
801120,食品饮料,000716,黑芝麻,0.164,2022-08-01
801120,食品饮料,300892,品渥食品,0.0492,2022-08-01
801120,食品饮料,603237,五芳斋,0.0774,2022-08-31
801120,食品饮料,603057,紫燕食品,0.1018,2022-09-26
801120,食品饮料,002661,克明食品,0.0751,2023-04-04
801120,食品饮料,000529,广弘控股,0.0732,2023-05-18
801120,食品饮料,000639,ST西王,0.0876,2024-07-31
801120,食品饮料,002719,ST麦趣,0.0527,2024-07-31
801120,食品饮料,603262,技源集团,0.1256,2025-07-23
801120,食品饮料,000568,泸州老窖,3.602,2021-12-13
801130,纺织服饰,000726,鲁泰A,1.0628,2021-12-13
801130,纺织服饰,000850,华茂股份,0.8458,2021-12-13
801130,纺织服饰,000955,欣龙控股,0.6872,2021-12-13
801130,纺织服饰,001209,洪兴股份,0.3049,2021-12-13
801130,纺织服饰,002003,伟星股份,3.3867,2021-12-13
801130,纺织服饰,002029,七匹狼,1.418,2021-12-13
801130,纺织服饰,002042,华孚时尚,1.327,2021-12-13
801130,纺织服饰,002083,孚日股份,2.2941,2021-12-13
801130,纺织服饰,002098,浔兴股份,0.4858,2021-12-13
801130,纺织服饰,002144,宏达高科,0.5648,2021-12-13
801130,纺织服饰,002154,报喜鸟,1.4691,2021-12-13
801130,纺织服饰,002269,美邦服饰,0.9533,2021-12-13
801130,纺织服饰,002293,罗莱生活,1.6865,2021-12-13
801130,纺织服饰,002327,富安娜,0.9535,2021-12-13
801130,纺织服饰,002345,潮宏基,2.0894,2021-12-13
801130,纺织服饰,002394,联发股份,0.8312,2021-12-13
801130,纺织服饰,002397,梦洁股份,0.6176,2021-12-13
801130,纺织服饰,002494,华斯股份,0.4815,2021-12-13
801130,纺织服饰,002563,森马服饰,1.6281,2021-12-13
801130,纺织服饰,002569,*ST步森,0.4527,2021-12-13
801130,纺织服饰,002574,明牌珠宝,0.503,2021-12-13
801130,纺织服饰,002612,朗姿股份,1.3967,2021-12-13
801130,纺织服饰,002656,摩登大道,0.6453,2021-12-13
801130,纺织服饰,002674,兴业科技,1.3496,2021-12-13
801130,纺织服饰,002687,乔治白,0.7187,2021-12-13
801130,纺织服饰,002721,金一文化,2.2701,2021-12-13
801130,纺织服饰,002731,*ST萃华,0.06,2021-12-13
801130,纺织服饰,002762,金发拉比,0.5714,2021-12-13
801130,纺织服饰,002780,三夫户外,0.6983,2021-12-13
801130,纺织服饰,002832,比音勒芬,3.3586,2021-12-13
801130,纺织服饰,002867,周大生,1.6344,2021-12-13
801130,纺织服饰,002875,安奈儿,0.9,2021-12-13
801130,纺织服饰,003016,欣贺股份,0.3723,2021-12-13
801130,纺织服饰,003041,真爱美家,0.6064,2021-12-13
801130,纺织服饰,300005,探路者,2.7576,2021-12-13
801130,纺织服饰,300577,开润股份,0.8233,2021-12-13
801130,纺织服饰,300591,万里马,0.7146,2021-12-13
801130,纺织服饰,300819,聚杰微纤,0.7898,2021-12-13
801130,纺织服饰,300840,酷特智能,1.1492,2021-12-13
801130,纺织服饰,300877,金春股份,0.6271,2021-12-13
801130,纺织服饰,300901,中胤时尚,0.779,2021-12-13
801130,纺织服饰,300918,南山智尚,1.1054,2021-12-13
801130,纺织服饰,300945,曼卡龙,0.6956,2021-12-13
801130,纺织服饰,300952,恒辉安防,0.6859,2021-12-13
801130,纺织服饰,300979,华利集团,1.926,2021-12-13
801130,纺织服饰,301088,戎美股份,0.3106,2021-12-13
801130,纺织服饰,600107,*ST尔雅,0.7062,2021-12-13
801130,纺织服饰,600156,华升股份,0.8322,2021-12-13
801130,纺织服饰,600177,雅戈尔,4.3624,2021-12-13
801130,纺织服饰,600398,海澜之家,3.4233,2021-12-13
801130,纺织服饰,600400,红豆股份,0.4135,2021-12-13
801130,纺织服饰,600439,ST瑞贝卡,0.5841,2021-12-13
801130,纺织服饰,600448,华纺股份,0.564,2021-12-13
801130,纺织服饰,600493,凤竹纺织,0.4663,2021-12-13
801130,纺织服饰,600527,江南高纤,1.0226,2021-12-13
801130,纺织服饰,600612,老凤祥,1.3147,2021-12-13
801130,纺织服饰,600630,龙头股份,0.3615,2021-12-13
801130,纺织服饰,600735,ST新华锦,0.5669,2021-12-13
801130,纺织服饰,600916,中国黄金,2.5775,2021-12-13
801130,纺织服饰,600987,航民股份,1.144,2021-12-13
801130,纺织服饰,601339,百隆东方,1.1631,2021-12-13
801130,纺织服饰,601566,九牧王,0.6169,2021-12-13
801130,纺织服饰,601599,浙文影业,1.0693,2021-12-13
801130,纺织服饰,601718,ST际华,1.357,2021-12-13
801130,纺织服饰,603001,奥康国际,0.7532,2021-12-13
801130,纺织服饰,603055,台华新材,0.9966,2021-12-13
801130,纺织服饰,603116,红蜻蜓,0.5892,2021-12-13
801130,纺织服饰,603196,璞源材料,0.7226,2021-12-13
801130,纺织服饰,603365,水星家纺,0.5548,2021-12-13
801130,纺织服饰,603518,锦泓集团,0.7377,2021-12-13
801130,纺织服饰,603557,*ST起步,0.4341,2021-12-13
801130,纺织服饰,603558,健盛集团,0.8206,2021-12-13
801130,纺织服饰,603587,地素时尚,0.5441,2021-12-13
801130,纺织服饰,603608,天创时尚,1.9447,2021-12-13
801130,纺织服饰,603665,康隆达,0.8568,2021-12-13
801130,纺织服饰,603808,歌力思,0.5509,2021-12-13
801130,纺织服饰,603839,安正时尚,0.2858,2021-12-13
801130,纺织服饰,603877,太平鸟,0.6913,2021-12-13
801130,纺织服饰,603889,新澳股份,1.2426,2021-12-13
801130,纺织服饰,603900,莱绅通灵,0.5704,2021-12-13
801130,纺织服饰,603908,牧高笛,0.2869,2021-12-13
801130,纺织服饰,603958,哈森股份,0.6653,2021-12-13
801130,纺织服饰,605003,众望布艺,0.2732,2021-12-13
801130,纺织服饰,605055,迎丰股份,0.3671,2021-12-13
801130,纺织服饰,605138,盛泰集团,0.3149,2021-12-13
801130,纺织服饰,605180,华生科技,0.2565,2021-12-13
801130,纺织服饰,605189,富春染织,0.5218,2021-12-13
801130,纺织服饰,605599,菜百股份,1.6006,2021-12-13
801130,纺织服饰,301177,迪阿股份,0.3928,2021-12-15
801130,纺织服饰,000017,深中华A,0.9147,2022-08-01
801130,纺织服饰,301066,万事利,0.6055,2022-08-01
801130,纺织服饰,301276,嘉曼服饰,0.3442,2022-09-09
801130,纺织服饰,603130,云中马,0.8019,2022-11-18
801130,纺织服饰,603307,扬州金泉,0.2453,2023-02-16
801130,纺织服饰,001234,泰慕士,0.2809,2024-07-31
801130,纺织服饰,002193,ST如意,0.384,2024-07-31
801130,纺织服饰,002404,嘉欣丝绸,0.7038,2024-07-31
801130,纺织服饰,002486,嘉麟杰,0.7472,2024-07-31
801130,纺织服饰,002634,*ST棒杰,0.5374,2024-07-31
801130,纺织服饰,002763,汇洁股份,0.4958,2024-07-31
801130,纺织服饰,600137,浪莎股份,0.3009,2024-07-31
801130,纺织服饰,603511,爱慕股份,0.2866,2024-07-31
801130,纺织服饰,001390,古麒绒材,0.5131,2025-05-29
801130,纺织服饰,603238,诺邦股份,0.3444,2025-08-13
801130,纺织服饰,001312,福恩股份,0.4025,2026-04-21
801130,纺织服饰,000026,飞亚达,1.5778,2021-12-13
801140,轻工制造,000659,珠海中富,0.827,2021-12-13
801140,轻工制造,000812,陕西金叶,0.5734,2021-12-13
801140,轻工制造,000910,大亚圣象,0.4103,2021-12-13
801140,轻工制造,001211,双枪科技,0.3235,2021-12-13
801140,轻工制造,001216,华瓷股份,0.2919,2021-12-13
801140,轻工制造,002012,凯恩股份,0.6491,2021-12-13
801140,轻工制造,002014,永新股份,0.7706,2021-12-13
801140,轻工制造,002067,景兴纸业,1.0806,2021-12-13
801140,轻工制造,002078,太阳纸业,5.233,2021-12-13
801140,轻工制造,002084,海鸥住工,0.6999,2021-12-13
801140,轻工制造,002117,东港股份,0.7794,2021-12-13
801140,轻工制造,002162,悦心健康,0.4637,2021-12-13
801140,轻工制造,002191,劲嘉股份,1.0813,2021-12-13
801140,轻工制造,002228,合兴包装,0.5848,2021-12-13
801140,轻工制造,002235,安妮股份,1.0503,2021-12-13
801140,轻工制造,002301,齐心集团,0.8543,2021-12-13
801140,轻工制造,002303,美盈森,1.0239,2021-12-13
801140,轻工制造,002348,高乐股份,1.7976,2021-12-13
801140,轻工制造,002374,中锐股份,0.6866,2021-12-13
801140,轻工制造,002489,浙江永强,0.745,2021-12-13
801140,轻工制造,002521,齐峰新材,0.6142,2021-12-13
801140,轻工制造,002565,顺灏股份,1.8051,2021-12-13
801140,轻工制造,002571,德力股份,0.6291,2021-12-13
801140,轻工制造,002572,索菲亚,1.1448,2021-12-13
801140,轻工制造,002599,盛通股份,0.5345,2021-12-13
801140,轻工制造,002615,哈尔斯,0.4056,2021-12-13
801140,轻工制造,002678,珠江钢琴,0.2788,2021-12-13
801140,轻工制造,002701,奥瑞金,1.3925,2021-12-13
801140,轻工制造,002735,王子新材,0.8181,2021-12-13
801140,轻工制造,002752,昇兴股份,0.4884,2021-12-13
801140,轻工制造,002787,华源控股,1.1976,2021-12-13
801140,轻工制造,002790,瑞尔特,0.2408,2021-12-13
801140,轻工制造,002798,帝欧水华,0.5233,2021-12-13
801140,轻工制造,002799,环球印务,0.3025,2021-12-13
801140,轻工制造,002831,裕同科技,3.5957,2021-12-13
801140,轻工制造,002836,新宏泽,0.2357,2021-12-13
801140,轻工制造,002846,英联股份,0.5272,2021-12-13
801140,轻工制造,002853,皮阿诺,0.4806,2021-12-13
801140,轻工制造,002862,实丰文化,0.4316,2021-12-13
801140,轻工制造,002899,英派斯,0.5131,2021-12-13
801140,轻工制造,002918,蒙娜丽莎,0.3748,2021-12-13
801140,轻工制造,002969,嘉美包装,1.3656,2021-12-13
801140,轻工制造,003003,天元股份,0.28,2021-12-13
801140,轻工制造,003011,海象新材,0.301,2021-12-13
801140,轻工制造,003012,东鹏控股,0.5886,2021-12-13
801140,轻工制造,003018,金富科技,1.3089,2021-12-13
801140,轻工制造,300329,海伦钢琴,0.4397,2021-12-13
801140,轻工制造,300501,海顺新材,0.3707,2021-12-13
801140,轻工制造,300616,尚品宅配,0.3815,2021-12-13
801140,轻工制造,300640,德艺文创,0.3269,2021-12-13
801140,轻工制造,300703,创源股份,0.4101,2021-12-13
801140,轻工制造,300729,乐歌股份,0.5022,2021-12-13
801140,轻工制造,300749,顶固集创,0.7949,2021-12-13
801140,轻工制造,300883,龙利得,0.394,2021-12-13
801140,轻工制造,300993,玉马科技,0.2752,2021-12-13
801140,轻工制造,301004,嘉益股份,0.3642,2021-12-13
801140,轻工制造,301055,张小泉,0.4195,2021-12-13
801140,轻工制造,301061,匠心家居,0.722,2021-12-13
801140,轻工制造,301062,上海艾录,0.5294,2021-12-13
801140,轻工制造,301113,雅艺科技,0.1473,2021-12-13
801140,轻工制造,301193,家联科技,0.3065,2021-12-13
801140,轻工制造,301198,喜悦智行,0.2727,2021-12-13
801140,轻工制造,600103,青山纸业,1.5172,2021-12-13
801140,轻工制造,600210,紫江企业,1.7417,2021-12-13
801140,轻工制造,600235,民丰特纸,0.3439,2021-12-13
801140,轻工制造,600308,华泰股份,0.7832,2021-12-13
801140,轻工制造,600337,ST美克,0.1923,2021-12-13
801140,轻工制造,600356,恒丰纸业,0.454,2021-12-13
801140,轻工制造,600433,冠豪高新,0.8461,2021-12-13
801140,轻工制造,600567,山鹰国际,1.6056,2021-12-13
801140,轻工制造,600793,宜宾纸业,0.3361,2021-12-13
801140,轻工制造,600963,岳阳林纸,0.8593,2021-12-13
801140,轻工制造,600966,博汇纸业,0.8555,2021-12-13
801140,轻工制造,601515,衢州东峰,0.7738,2021-12-13
801140,轻工制造,601968,宝钢包装,0.6932,2021-12-13
801140,轻工制造,603008,ST喜临门,0.5469,2021-12-13
801140,轻工制造,603021,*ST华鹏,0.4071,2021-12-13
801140,轻工制造,603022,新通联,0.2866,2021-12-13
801140,轻工制造,603058,永吉股份,0.6124,2021-12-13
801140,轻工制造,603165,荣晟环保,0.6581,2021-12-13
801140,轻工制造,603180,金牌家居,0.189,2021-12-13
801140,轻工制造,603195,公牛集团,3.1266,2021-12-13
801140,轻工制造,603208,江山欧派,0.2255,2021-12-13
801140,轻工制造,603221,爱丽家居,0.4683,2021-12-13
801140,轻工制造,603226,菲林格尔,0.9279,2021-12-13
801140,轻工制造,603313,梦百合,0.5561,2021-12-13
801140,轻工制造,603326,我乐家居,0.2001,2021-12-13
801140,轻工制造,603385,惠达卫浴,0.2273,2021-12-13
801140,轻工制造,603389,亚振家居,1.1955,2021-12-13
801140,轻工制造,603408,建霖家居,0.3668,2021-12-13
801140,轻工制造,603429,*ST集友,0.682,2021-12-13
801140,轻工制造,603499,翔港科技,0.6147,2021-12-13
801140,轻工制造,603600,永艺股份,0.4218,2021-12-13
801140,轻工制造,603607,京华激光,0.5754,2021-12-13
801140,轻工制造,603610,麒盛科技,0.5686,2021-12-13
801140,轻工制造,603615,茶花股份,0.5367,2021-12-13
801140,轻工制造,603661,恒林股份,0.3226,2021-12-13
801140,轻工制造,603687,大胜达,1.1823,2021-12-13
801140,轻工制造,603709,中源家居,0.1648,2021-12-13
801140,轻工制造,603733,仙鹤股份,0.7224,2021-12-13
801140,轻工制造,603801,志邦家居,0.3839,2021-12-13
801140,轻工制造,603816,顾家家居,2.4024,2021-12-13
801140,轻工制造,603818,曲美家居,0.3862,2021-12-13
801140,轻工制造,603833,欧派家居,1.2306,2021-12-13
801140,轻工制造,603838,*ST四通,0.3375,2021-12-13
801140,轻工制造,603848,好太太,0.2448,2021-12-13
801140,轻工制造,603863,松炀资源,0.4657,2021-12-13
801140,轻工制造,603898,好莱客,0.2783,2021-12-13
801140,轻工制造,603899,晨光股份,1.967,2021-12-13
801140,轻工制造,603992,松霖科技,0.5243,2021-12-13
801140,轻工制造,605007,五洲特纸,0.3478,2021-12-13
801140,轻工制造,605080,浙江自然,0.2871,2021-12-13
801140,轻工制造,605099,共创草坪,0.3488,2021-12-13
801140,轻工制造,605155,西大门,0.2637,2021-12-13
801140,轻工制造,605268,王力安防,0.1987,2021-12-13
801140,轻工制造,605299,舒华体育,0.4302,2021-12-13
801140,轻工制造,605377,华旺科技,0.6201,2021-12-13
801140,轻工制造,605500,森林包装,0.1884,2021-12-13
801140,轻工制造,603216,梦天家居,0.3285,2021-12-15
801140,轻工制造,301101,明月镜片,0.614,2021-12-16
801140,轻工制造,603272,*ST联翔,0.2141,2022-05-20
801140,轻工制造,002103,广博股份,0.5666,2022-08-01
801140,轻工制造,301011,华立科技,0.3255,2022-08-01
801140,轻工制造,600076,康欣新材,0.6706,2022-08-01
801140,轻工制造,601996,丰林集团,0.4728,2022-08-01
801140,轻工制造,001323,慕思股份,0.4208,2022-08-09
801140,轻工制造,301336,趣睡科技,0.3351,2022-08-12
801140,轻工制造,001222,源飞宠物,0.3229,2022-08-18
801140,轻工制造,301296,新巨丰,0.309,2022-09-02
801140,轻工制造,001238,浙江正特,0.2938,2022-09-19
801140,轻工制造,301227,森鹰窗业,0.4012,2022-09-26
801140,轻工制造,001300,三柏硕,0.2337,2022-10-19
801140,轻工制造,001322,箭牌家居,0.2705,2022-10-26
801140,轻工制造,301223,中荣股份,0.2455,2022-10-26
801140,轻工制造,301356,天振股份,0.2868,2022-11-14
801140,轻工制造,301335,天元宠物,0.3346,2022-11-18
801140,轻工制造,001368,通达创智,0.2033,2023-03-13
801140,轻工制造,301355,南王科技,0.27,2023-06-12
801140,轻工制造,301287,康力源,0.1899,2023-06-15
801140,轻工制造,301376,致欧科技,0.9042,2023-06-21
801140,轻工制造,300651,金陵体育,0.317,2023-07-06
801140,轻工制造,301469,恒达新材,0.1667,2023-08-22
801140,轻工制造,301588,美新科技,0.3263,2024-03-13
801140,轻工制造,603725,天安新材,0.4776,2024-07-31
801140,轻工制造,603091,众鑫股份,0.5842,2024-08-30
801140,轻工制造,001279,强邦新材,0.2762,2024-10-11
801140,轻工制造,001356,富岭股份,0.362,2025-01-23
801140,轻工制造,301501,恒鑫生活,0.3213,2025-03-19
801140,轻工制造,301595,太力科技,0.3698,2025-05-19
801140,轻工制造,001221,悍高集团,0.7576,2025-07-30
801140,轻工制造,002631,德尔未来,0.6872,2025-08-13
801140,轻工制造,301575,艾芬达,0.1705,2025-09-10
801140,轻工制造,001386,马可波罗,0.4517,2025-10-22
801140,轻工制造,603284,林平发展,0.205,2026-02-10
801140,轻工制造,688087,英科再生,1.0406,2026-07-02
801140,轻工制造,000488,ST晨鸣,0.611,2021-12-13
801150,医药生物,000078,ST海王,0.0669,2021-12-13
801150,医药生物,000153,丰原药业,0.0671,2021-12-13
801150,医药生物,000403,派林生物,0.1912,2021-12-13
801150,医药生物,000411,英特集团,0.0583,2021-12-13
801150,医药生物,000423,东阿阿胶,0.671,2021-12-13
801150,医药生物,000504,南华生物,0.0307,2021-12-13
801150,医药生物,000513,丽珠集团,0.2831,2021-12-13
801150,医药生物,000516,国际医学,0.2014,2021-12-13
801150,医药生物,000518,四环生物,0.0809,2021-12-13
801150,医药生物,000534,万泽股份,0.2716,2021-12-13
801150,医药生物,000538,云南白药,1.204,2021-12-13
801150,医药生物,000566,海南海药,0.1599,2021-12-13
801150,医药生物,000590,古汉医药,0.0391,2021-12-13
801150,医药生物,000597,东北制药,0.0955,2021-12-13
801150,医药生物,000650,仁和药业,0.1685,2021-12-13
801150,医药生物,000661,长春高新,0.7027,2021-12-13
801150,医药生物,000705,浙江震元,0.0592,2021-12-13
801150,医药生物,000739,普洛药业,0.3983,2021-12-13
801150,医药生物,000756,新华制药,0.1109,2021-12-13
801150,医药生物,000766,通化金马,0.408,2021-12-13
801150,医药生物,000788,北大医药,0.0746,2021-12-13
801150,医药生物,000790,华神科技,0.0674,2021-12-13
801150,医药生物,000813,德展健康,0.1608,2021-12-13
801150,医药生物,000908,石药景峰,0.1365,2021-12-13
801150,医药生物,000915,华特达因,0.133,2021-12-13
801150,医药生物,000931,中关村,0.0751,2021-12-13
801150,医药生物,000950,重药控股,0.1289,2021-12-13
801150,医药生物,000952,广济药业,0.054,2021-12-13
801150,医药生物,000963,华东医药,0.6584,2021-12-13
801150,医药生物,000989,九芝堂,0.1336,2021-12-13
801150,医药生物,000999,华润三九,0.4653,2021-12-13
801150,医药生物,002004,华邦健康,0.2,2021-12-13
801150,医药生物,002019,亿帆医药,0.2189,2021-12-13
801150,医药生物,002020,京新药业,0.2168,2021-12-13
801150,医药生物,002022,科华生物,0.0785,2021-12-13
801150,医药生物,002030,达安基因,0.1641,2021-12-13
801150,医药生物,002044,美年健康,0.4329,2021-12-13
801150,医药生物,002099,海翔药业,0.1726,2021-12-13
801150,医药生物,002102,ST能特,0.1148,2021-12-13
801150,医药生物,002107,沃华医药,0.0628,2021-12-13
801150,医药生物,002173,创新医疗,0.1983,2021-12-13
801150,医药生物,002198,ST嘉应,0.0457,2021-12-13
801150,医药生物,002219,新里程,0.151,2021-12-13
801150,医药生物,002223,鱼跃医疗,0.4847,2021-12-13
801150,医药生物,002252,上海莱士,0.6223,2021-12-13
801150,医药生物,002262,恩华药业,0.3858,2021-12-13
801150,医药生物,002275,桂林三金,0.0578,2021-12-13
801150,医药生物,002287,奇正藏药,0.0427,2021-12-13
801150,医药生物,002294,信立泰,0.4693,2021-12-13
801150,医药生物,002317,众生药业,0.5242,2021-12-13
801150,医药生物,002349,精华制药,0.1263,2021-12-13
801150,医药生物,002365,永安药业,0.1042,2021-12-13
801150,医药生物,002370,亚太药业,0.0794,2021-12-13
801150,医药生物,002382,蓝帆医疗,0.1455,2021-12-13
801150,医药生物,002390,信邦制药,0.1063,2021-12-13
801150,医药生物,002393,力生制药,0.0644,2021-12-13
801150,医药生物,002412,汉森制药,0.0906,2021-12-13
801150,医药生物,002422,科伦药业,1.3679,2021-12-13
801150,医药生物,002424,ST百灵,0.1466,2021-12-13
801150,医药生物,002437,誉衡药业,0.2372,2021-12-13
801150,医药生物,002462,嘉事堂,0.0683,2021-12-13
801150,医药生物,002524,光正眼科,0.0505,2021-12-13
801150,医药生物,002550,千红制药,0.1798,2021-12-13
801150,医药生物,002551,尚荣医疗,0.0568,2021-12-13
801150,医药生物,002566,益盛药业,0.0458,2021-12-13
801150,医药生物,002581,*ST未名,0.0638,2021-12-13
801150,医药生物,002589,瑞康医药,0.1063,2021-12-13
801150,医药生物,002603,以岭药业,0.3882,2021-12-13
801150,医药生物,002644,佛慈制药,0.0535,2021-12-13
801150,医药生物,002653,海思科,0.6096,2021-12-13
801150,医药生物,002675,东诚药业,0.241,2021-12-13
801150,医药生物,002727,一心堂,0.1107,2021-12-13
801150,医药生物,002728,特一药业,0.0888,2021-12-13
801150,医药生物,002737,葵花药业,0.0988,2021-12-13
801150,医药生物,002755,奥赛康,0.1077,2021-12-13
801150,医药生物,002788,鹭燕医药,0.0835,2021-12-13
801150,医药生物,002793,罗欣药业,0.0953,2021-12-13
801150,医药生物,002821,凯莱英,1.0445,2021-12-13
801150,医药生物,002826,易明医药,0.0746,2021-12-13
801150,医药生物,002864,盘龙药业,0.0605,2021-12-13
801150,医药生物,002873,新天药业,0.0486,2021-12-13
801150,医药生物,002880,卫光生物,0.0453,2021-12-13
801150,医药生物,002900,哈三联,0.0382,2021-12-13
801150,医药生物,002901,大博医疗,0.098,2021-12-13
801150,医药生物,002907,华森制药,0.0561,2021-12-13
801150,医药生物,002923,润都股份,0.0569,2021-12-13
801150,医药生物,002932,*ST明德,0.0625,2021-12-13
801150,医药生物,002940,昂利康,0.0918,2021-12-13
801150,医药生物,002950,奥美医疗,0.0685,2021-12-13
801150,医药生物,003020,立方制药,0.0592,2021-12-13
801150,医药生物,300003,乐普医疗,0.4314,2021-12-13
801150,医药生物,300006,莱美药业,0.1157,2021-12-13
801150,医药生物,300009,安科生物,0.2972,2021-12-13
801150,医药生物,300015,爱尔眼科,1.1601,2021-12-13
801150,医药生物,300016,北陆药业,0.1186,2021-12-13
801150,医药生物,300026,红日药业,0.2182,2021-12-13
801150,医药生物,300030,阳普医疗,0.0467,2021-12-13
801150,医药生物,300039,上海凯宝,0.1097,2021-12-13
801150,医药生物,300049,福瑞医科,0.2943,2021-12-13
801150,医药生物,300086,康芝药业,0.0613,2021-12-13
801150,医药生物,300110,华仁药业,0.0698,2021-12-13
801150,医药生物,300122,智飞生物,0.4723,2021-12-13
801150,医药生物,300142,沃森生物,0.6307,2021-12-13
801150,医药生物,300143,盈康生命,0.113,2021-12-13
801150,医药生物,300147,*ST香雪,0.1092,2021-12-13
801150,医药生物,300149,睿智医药,0.124,2021-12-13
801150,医药生物,300171,东富龙,0.17,2021-12-13
801150,医药生物,300181,佐力药业,0.2418,2021-12-13
801150,医药生物,300194,福安药业,0.114,2021-12-13
801150,医药生物,300199,翰宇药业,0.4698,2021-12-13
801150,医药生物,300206,理邦仪器,0.0996,2021-12-13
801150,医药生物,300233,金城医药,0.1198,2021-12-13
801150,医药生物,300238,冠昊生物,0.0736,2021-12-13
801150,医药生物,300239,东宝生物,0.0623,2021-12-13
801150,医药生物,300244,迪安诊断,0.2562,2021-12-13
801150,医药生物,300246,宝莱特,0.0919,2021-12-13
801150,医药生物,300254,仟源医药,0.0636,2021-12-13
801150,医药生物,300255,常山药业,0.4547,2021-12-13
801150,医药生物,300267,尔康制药,0.105,2021-12-13
801150,医药生物,300289,利德曼,0.056,2021-12-13
801150,医药生物,300294,博雅生物,0.1385,2021-12-13
801150,医药生物,300298,三诺生物,0.1427,2021-12-13
801150,医药生物,300314,戴维医疗,0.0344,2021-12-13
801150,医药生物,300326,ST凯利,0.1108,2021-12-13
801150,医药生物,300347,泰格医药,0.834,2021-12-13
801150,医药生物,300357,我武生物,0.1791,2021-12-13
801150,医药生物,300358,楚天科技,0.1284,2021-12-13
801150,医药生物,300363,博腾股份,0.2056,2021-12-13
801150,医药生物,300381,溢多利,0.0585,2021-12-13
801150,医药生物,300396,ST迪瑞,0.0324,2021-12-13
801150,医药生物,300401,花园生物,0.168,2021-12-13
801150,医药生物,300404,博济医药,0.1028,2021-12-13
801150,医药生物,300406,九强生物,0.1013,2021-12-13
801150,医药生物,300434,金石亚药,0.0722,2021-12-13
801150,医药生物,300436,广生堂,0.2395,2021-12-13
801150,医药生物,300439,美康生物,0.0674,2021-12-13
801150,医药生物,300452,山河药辅,0.0609,2021-12-13
801150,医药生物,300453,三鑫医疗,0.0949,2021-12-13
801150,医药生物,300463,迈克生物,0.1377,2021-12-13
801150,医药生物,300482,万孚生物,0.1404,2021-12-13
801150,医药生物,300485,赛升药业,0.0579,2021-12-13
801150,医药生物,300497,富祥股份,0.2353,2021-12-13
801150,医药生物,300519,新光药业,0.0345,2021-12-13
801150,医药生物,300529,健帆生物,0.2093,2021-12-13
801150,医药生物,300534,陇神戎发,0.0753,2021-12-13
801150,医药生物,300558,贝达药业,0.3995,2021-12-13
801150,医药生物,300562,乐心医疗,0.0847,2021-12-13
801150,医药生物,300573,兴齐眼药,0.3035,2021-12-13
801150,医药生物,300583,赛托生物,0.0364,2021-12-13
801150,医药生物,300584,海辰药业,0.0458,2021-12-13
801150,医药生物,300595,欧普康视,0.1784,2021-12-13
801150,医药生物,300601,康泰生物,0.2401,2021-12-13
801150,医药生物,300633,开立医疗,0.1405,2021-12-13
801150,医药生物,300636,同和药业,0.0653,2021-12-13
801150,医药生物,300639,凯普生物,0.0817,2021-12-13
801150,医药生物,300642,透景生命,0.0623,2021-12-13
801150,医药生物,300653,正海生物,0.0497,2021-12-13
801150,医药生物,300677,英科医疗,0.7248,2021-12-13
801150,医药生物,300685,艾德生物,0.1694,2021-12-13
801150,医药生物,300702,天宇股份,0.0936,2021-12-13
801150,医药生物,300705,九典制药,0.0971,2021-12-13
801150,医药生物,300723,一品红,0.1843,2021-12-13
801150,医药生物,300725,药石科技,0.2616,2021-12-13
801150,医药生物,300753,爱朋医疗,0.044,2021-12-13
801150,医药生物,300759,康龙化成,1.0384,2021-12-13
801150,医药生物,300760,迈瑞医疗,3.0902,2021-12-13
801150,医药生物,300765,石药创新,0.5119,2021-12-13
801150,医药生物,300832,新产业,0.346,2021-12-13
801150,医药生物,300841,康华生物,0.1362,2021-12-13
801150,医药生物,300869,康泰医学,0.0512,2021-12-13
801150,医药生物,300878,维康药业,0.0437,2021-12-13
801150,医药生物,300937,药易购,0.0346,2021-12-13
801150,医药生物,300942,易瑞生物,0.0055,2021-12-13
801150,医药生物,300966,共同药业,0.0427,2021-12-13
801150,医药生物,300981,中红医疗,0.0665,2021-12-13
801150,医药生物,301015,百洋医药,0.0859,2021-12-13
801150,医药生物,301017,漱玉平民,0.0307,2021-12-13
801150,医药生物,301033,迈普医学,0.0616,2021-12-13
801150,医药生物,301060,兰卫医学,0.0537,2021-12-13
801150,医药生物,301075,多瑞医药,0.0543,2021-12-13
801150,医药生物,301089,拓新药业,0.0449,2021-12-13
801150,医药生物,301093,华兰股份,0.1504,2021-12-13
801150,医药生物,301126,达嘉维康,0.0351,2021-12-13
801150,医药生物,301211,亨迪药业,0.0486,2021-12-13
801150,医药生物,600055,万东医疗,0.1367,2021-12-13
801150,医药生物,600056,中国医药,0.2097,2021-12-13
801150,医药生物,600062,华润双鹤,0.2151,2021-12-13
801150,医药生物,600079,ST人福,0.612,2021-12-13
801150,医药生物,600080,ST金花,0.0411,2021-12-13
801150,医药生物,600085,同仁堂,0.299,2021-12-13
801150,医药生物,600129,太极集团,0.1487,2021-12-13
801150,医药生物,600161,天坛生物,0.367,2021-12-13
801150,医药生物,600196,复星医药,0.8995,2021-12-13
801150,医药生物,600216,浙江医药,0.2393,2021-12-13
801150,医药生物,600222,太龙药业,0.1189,2021-12-13
801150,医药生物,600252,中恒集团,0.16,2021-12-13
801150,医药生物,600272,开开实业,0.051,2021-12-13
801150,医药生物,600276,恒瑞医药,4.8415,2021-12-13
801150,医药生物,600285,羚锐制药,0.2757,2021-12-13
801150,医药生物,600329,达仁堂,0.2843,2021-12-13
801150,医药生物,600332,白云山,0.4356,2021-12-13
801150,医药生物,600351,亚宝药业,0.1181,2021-12-13
801150,医药生物,600380,健康元,0.2537,2021-12-13
801150,医药生物,600420,国药现代,0.1537,2021-12-13
801150,医药生物,600422,昆药集团,0.1328,2021-12-13
801150,医药生物,600436,片仔癀,1.0079,2021-12-13
801150,医药生物,600479,千金药业,0.1255,2021-12-13
801150,医药生物,600511,国药股份,0.2506,2021-12-13
801150,医药生物,600513,联环药业,0.0841,2021-12-13
801150,医药生物,600518,康美药业,0.4282,2021-12-13
801150,医药生物,600521,华海药业,0.4551,2021-12-13
801150,医药生物,600529,山东药玻,0.3102,2021-12-13
801150,医药生物,600535,天士力,0.357,2021-12-13
801150,医药生物,600538,国发股份,0.083,2021-12-13
801150,医药生物,600557,康缘药业,0.1316,2021-12-13
801150,医药生物,600566,济川药业,0.2791,2021-12-13
801150,医药生物,600568,ST中珠,0.0717,2021-12-13
801150,医药生物,600572,康恩贝,0.248,2021-12-13
801150,医药生物,600587,新华医疗,0.1639,2021-12-13
801150,医药生物,600594,益佰制药,0.0732,2021-12-13
801150,医药生物,600613,神奇制药,0.0776,2021-12-13
801150,医药生物,600624,ST复华,0.0718,2021-12-13
801150,医药生物,600645,中源协和,0.2055,2021-12-13
801150,医药生物,600664,哈药股份,0.3328,2021-12-13
801150,医药生物,600671,天目药业,0.0495,2021-12-13
801150,医药生物,600713,南京医药,0.0977,2021-12-13
801150,医药生物,600721,百花医药,0.1098,2021-12-13
801150,医药生物,600739,辽宁成大,0.2977,2021-12-13
801150,医药生物,600750,华润江中,0.2726,2021-12-13
801150,医药生物,600763,通策医疗,0.3376,2021-12-13
801150,医药生物,600771,广誉远,0.1868,2021-12-13
801150,医药生物,600789,鲁抗医药,0.1961,2021-12-13
801150,医药生物,600812,华北制药,0.1186,2021-12-13
801150,医药生物,600829,人民同泰,0.0486,2021-12-13
801150,医药生物,600833,第一医药,0.0418,2021-12-13
801150,医药生物,600851,海欣股份,0.1105,2021-12-13
801150,医药生物,600867,通化东宝,0.2981,2021-12-13
801150,医药生物,600976,健民集团,0.0967,2021-12-13
801150,医药生物,600993,马应龙,0.21,2021-12-13
801150,医药生物,600998,九州通,0.2872,2021-12-13
801150,医药生物,601607,上海医药,0.2649,2021-12-13
801150,医药生物,603087,甘李药业,0.7856,2021-12-13
801150,医药生物,603127,昭衍新药,0.557,2021-12-13
801150,医药生物,603139,康惠股份,0.0605,2021-12-13
801150,医药生物,603168,莎普爱思,0.0403,2021-12-13
801150,医药生物,603222,济民健康,0.0782,2021-12-13
801150,医药生物,603229,奥翔药业,0.0945,2021-12-13
801150,医药生物,603233,大参林,0.2611,2021-12-13
801150,医药生物,603259,药明康德,10.0099,2021-12-13
801150,医药生物,603301,振德医疗,0.3164,2021-12-13
801150,医药生物,603309,维力医疗,0.0536,2021-12-13
801150,医药生物,603351,威尔药业,0.0495,2021-12-13
801150,医药生物,603367,辰欣药业,0.1116,2021-12-13
801150,医药生物,603368,柳药集团,0.1467,2021-12-13
801150,医药生物,603387,基蛋生物,0.0861,2021-12-13
801150,医药生物,603439,三力制药,0.072,2021-12-13
801150,医药生物,603520,司太立,0.0962,2021-12-13
801150,医药生物,603538,美诺华,0.2297,2021-12-13
801150,医药生物,603567,珍宝岛,0.0844,2021-12-13
801150,医药生物,603590,康辰药业,0.0851,2021-12-13
801150,医药生物,603658,安图生物,0.1769,2021-12-13
801150,医药生物,603669,灵康药业,0.0358,2021-12-13
801150,医药生物,603676,卫信康,0.0289,2021-12-13
801150,医药生物,603707,健友股份,0.1308,2021-12-13
801150,医药生物,603716,塞力医疗,0.0876,2021-12-13
801150,医药生物,603811,诚意药业,0.0803,2021-12-13
801150,医药生物,603858,步长制药,0.2221,2021-12-13
801150,医药生物,603880,南卫股份,0.0483,2021-12-13
801150,医药生物,603882,金域医学,0.2339,2021-12-13
801150,医药生物,603883,老百姓,0.17,2021-12-13
801150,医药生物,603896,寿仙谷,0.0556,2021-12-13
801150,医药生物,603939,益丰药房,0.4366,2021-12-13
801150,医药生物,603976,正川股份,0.0507,2021-12-13
801150,医药生物,603987,康德莱,0.0601,2021-12-13
801150,医药生物,603998,方盛制药,0.0968,2021-12-13
801150,医药生物,605116,奥锐特,0.0736,2021-12-13
801150,医药生物,605177,东亚药业,0.0399,2021-12-13
801150,医药生物,605199,ST葫芦娃,0.0192,2021-12-13
801150,医药生物,605266,健之佳,0.0385,2021-12-13
801150,医药生物,605369,拱东医疗,0.0388,2021-12-13
801150,医药生物,605507,国邦医药,0.1833,2021-12-13
801150,医药生物,688013,天臣医疗,0.0316,2021-12-13
801150,医药生物,688016,心脉医疗,0.2006,2021-12-13
801150,医药生物,688029,南微医学,0.2679,2021-12-13
801150,医药生物,688050,爱博医疗,0.191,2021-12-13
801150,医药生物,688067,爱威科技,0.028,2021-12-13
801150,医药生物,688068,热景生物,0.1998,2021-12-13
801150,医药生物,688075,安旭生物,0.0316,2021-12-13
801150,医药生物,688085,三友医疗,0.0986,2021-12-13
801150,医药生物,688091,上海谊众,0.1485,2021-12-13
801150,医药生物,688108,赛诺医疗,0.1869,2021-12-13
801150,医药生物,688117,圣诺生物,0.1163,2021-12-13
801150,医药生物,688136,科兴制药,0.0598,2021-12-13
801150,医药生物,688139,海尔生物,0.1539,2021-12-13
801150,医药生物,688161,威高骨科,0.0426,2021-12-13
801150,医药生物,688177,百奥泰,0.0504,2021-12-13
801150,医药生物,688180,君实生物,0.6366,2021-12-13
801150,医药生物,688185,康希诺,0.1802,2021-12-13
801150,医药生物,688189,ST南新,0.0332,2021-12-13
801150,医药生物,688192,迪哲医药,0.3234,2021-12-13
801150,医药生物,688198,佰仁医疗,0.0826,2021-12-13
801150,医药生物,688202,美迪西,0.2309,2021-12-13
801150,医药生物,688212,澳华内镜,0.0886,2021-12-13
801150,医药生物,688217,睿昂基因,0.0265,2021-12-13
801150,医药生物,688221,前沿生物,0.1385,2021-12-13
801150,医药生物,688222,成都先导,0.2073,2021-12-13
801150,医药生物,688266,泽璟制药,0.6495,2021-12-13
801150,医药生物,688276,百克生物,0.0707,2021-12-13
801150,医药生物,688277,天智航-U,0.1735,2021-12-13
801150,医药生物,688278,特宝生物,0.3003,2021-12-13
801150,医药生物,688289,圣湘生物,0.1706,2021-12-13
801150,医药生物,688298,东方生物,0.0602,2021-12-13
801150,医药生物,688301,奕瑞科技,0.6418,2021-12-13
801150,医药生物,688314,康拓医疗,0.0323,2021-12-13
801150,医药生物,688315,诺禾致源,0.0676,2021-12-13
801150,医药生物,688317,之江生物,0.0659,2021-12-13
801150,医药生物,688319,欧林生物,0.2527,2021-12-13
801150,医药生物,688321,微芯生物,0.2753,2021-12-13
801150,医药生物,688336,三生国健,0.1959,2021-12-13
801150,医药生物,688338,赛科希德,0.0638,2021-12-13
801150,医药生物,688356,键凯科技,0.0967,2021-12-13
801150,医药生物,688358,祥生医疗,0.0305,2021-12-13
801150,医药生物,688366,昊海生科,0.084,2021-12-13
801150,医药生物,688389,普门科技,0.0976,2021-12-13
801150,医药生物,688393,安必平,0.0368,2021-12-13
801150,医药生物,688399,硕世生物,0.0646,2021-12-13
801150,医药生物,688468,科美诊断,0.0569,2021-12-13
801150,医药生物,688488,艾迪药业,0.1077,2021-12-13
801150,医药生物,688505,复旦张江,0.0922,2021-12-13
801150,医药生物,688513,苑东生物,0.1181,2021-12-13
801150,医药生物,688520,神州细胞,0.1159,2021-12-13
801150,医药生物,688553,汇宇制药,0.1482,2021-12-13
801150,医药生物,688566,吉贝尔,0.0525,2021-12-13
801150,医药生物,688575,亚辉龙,0.1022,2021-12-13
801150,医药生物,688578,艾力斯,0.8144,2021-12-13
801150,医药生物,688580,伟思医疗,0.0524,2021-12-13
801150,医药生物,688606,奥泰生物,0.0506,2021-12-13
801150,医药生物,688607,康众医疗,0.069,2021-12-13
801150,医药生物,688613,奥精医疗,0.0526,2021-12-13
801150,医药生物,688617,惠泰医疗,0.6632,2021-12-13
801150,医药生物,688621,阳光诺和,0.1756,2021-12-13
801150,医药生物,688626,翔宇医疗,0.0743,2021-12-13
801150,医药生物,688656,浩欧博,0.0673,2021-12-13
801150,医药生物,688658,悦康药业,0.1032,2021-12-13
801150,医药生物,688670,金迪克,0.0231,2021-12-13
801150,医药生物,688677,海泰新光,0.2089,2021-12-13
801150,医药生物,688687,凯因科技,0.0771,2021-12-13
801150,医药生物,688690,纳微科技,0.2721,2021-12-13
801150,医药生物,688739,成大生物,0.1264,2021-12-13
801150,医药生物,688767,博拓生物,0.081,2021-12-13
801150,医药生物,688799,华纳药厂,0.102,2021-12-13
801150,医药生物,301096,百诚医药,0.1008,2021-12-20
801150,医药生物,301166,优宁维,0.0381,2021-12-28
801150,医药生物,688265,南模生物,0.0308,2021-12-28
801150,医药生物,688236,春立医疗,0.0251,2021-12-30
801150,医药生物,688176,亚虹医药,0.1607,2022-01-07
801150,医药生物,688062,迈威生物,0.2069,2022-01-18
801150,医药生物,301201,诚达药业,0.0882,2022-01-20
801150,医药生物,301122,采纳股份,0.0385,2022-01-26
801150,医药生物,301235,华康洁净,0.0697,2022-01-28
801150,医药生物,603122,合富中国,0.0813,2022-02-16
801150,医药生物,301207,华兰疫苗,0.0795,2022-02-18
801150,医药生物,301130,西点药业,0.0362,2022-02-23
801150,医药生物,688163,赛伦生物,0.0496,2022-03-11
801150,医药生物,301103,何氏眼科,0.0408,2022-03-22
801150,医药生物,688238,和元生物,0.0917,2022-03-22
801150,医药生物,688197,首药控股,0.0427,2022-03-23
801150,医药生物,301258,富士莱,0.0286,2022-03-29
801150,医药生物,301263,泰恩康,0.2042,2022-03-29
801150,医药生物,688193,仁度生物,0.0343,2022-03-30
801150,医药生物,688331,荣昌生物,0.5102,2022-03-31
801150,医药生物,301097,天益医疗,0.028,2022-04-07
801150,医药生物,688302,海创药业,0.0764,2022-04-12
801150,医药生物,688046,药康生物,0.1767,2022-04-25
801150,医药生物,301257,普蕊斯,0.0512,2022-05-17
801150,医药生物,601089,福元医药,0.068,2022-06-30
801150,医药生物,301234,五洲医疗,0.0716,2022-07-05
801150,医药生物,301239,普瑞眼科,0.0783,2022-07-05
801150,医药生物,688382,益方生物,0.2695,2022-07-25
801150,医药生物,688253,英诺特,0.1268,2022-07-28
801150,医药生物,000623,吉林敖东,0.4938,2022-08-01
801150,医药生物,000710,贝瑞基因,0.0723,2022-08-01
801150,医药生物,000919,金陵药业,0.0695,2022-08-01
801150,医药生物,000953,中哲精化,0.0482,2022-08-01
801150,医药生物,002007,华兰生物,0.3734,2022-08-01
801150,医药生物,002082,ST万邦,0.092,2022-08-01
801150,医药生物,002172,澳洋健康,0.0707,2022-08-01
801150,医药生物,002332,仙琚制药,0.2176,2022-08-01
801150,医药生物,002432,九安医疗,0.6925,2022-08-01
801150,医药生物,002693,双成药业,0.0598,2022-08-01
801150,医药生物,002742,冀衡医药,0.0481,2022-08-01
801150,医药生物,002817,黄山胶囊,0.0376,2022-08-01
801150,医药生物,002872,ST天圣,0.0372,2022-08-01
801150,医药生物,300111,向日葵,0.0909,2022-08-01
801150,医药生物,300204,舒泰神,0.1946,2022-08-01
801150,医药生物,300676,华大基因,0.2847,2022-08-01
801150,医药生物,301047,义翘神州,0.1327,2022-08-01
801150,医药生物,301065,本立科技,0.0317,2022-08-01
801150,医药生物,301080,百普赛斯,0.2627,2022-08-01
801150,医药生物,301111,粤万年青,0.0356,2022-08-01
801150,医药生物,600267,海正药业,0.2773,2022-08-01
801150,医药生物,600488,津药药业,0.0802,2022-08-01
801150,医药生物,600774,汉商集团,0.0305,2022-08-01
801150,医药生物,603108,润达医疗,0.1376,2022-08-01
801150,医药生物,688026,洁特生物,0.0527,2022-08-01
801150,医药生物,688105,诺唯赞,0.1159,2022-08-01
801150,医药生物,688131,皓元医药,0.4076,2022-08-01
801150,医药生物,688151,华强科技,0.0483,2022-08-01
801150,医药生物,688166,博瑞医药,0.2959,2022-08-01
801150,医药生物,301333,诺思格,0.0591,2022-08-02
801150,医药生物,688373,盟科药业,0.077,2022-08-05
801150,医药生物,688273,麦澜德,0.037,2022-08-11
801150,医药生物,688271,联影医疗,1.5966,2022-08-22
801150,医药生物,688247,宣泰医药,0.0446,2022-08-25
801150,医药生物,688351,微电生理,0.0813,2022-08-31
801150,医药生物,688293,奥浦迈,0.1444,2022-09-02
801150,医药生物,688114,华大智造,0.4087,2022-09-09
801150,医药生物,301331,恩威医药,0.025,2022-09-21
801150,医药生物,688428,诺诚健华,0.2713,2022-09-21
801150,医药生物,688137,近岸蛋白,0.0454,2022-09-29
801150,医药生物,688073,毕得医药,0.0733,2022-10-11
801150,医药生物,301363,美好医疗,0.125,2022-10-12
801150,医药生物,301230,泓博医药,0.096,2022-11-01
801150,医药生物,301367,瑞迈特,0.0917,2022-11-01
801150,医药生物,301267,华厦眼科,0.1403,2022-11-09
801150,医药生物,301277,新天地,0.0334,2022-11-16
801150,医药生物,301290,东星医疗,0.0629,2022-11-30
801150,医药生物,688410,山外山,0.0807,2022-12-26
801150,医药生物,688506,百利天恒,0.7386,2023-01-06
801150,医药生物,301408,华人健康,0.0775,2023-03-01
801150,医药生物,301246,宏源药业,0.0976,2023-03-20
801150,医药生物,301281,科源制药,0.0764,2023-04-04
801150,医药生物,001367,海森药业,0.0273,2023-04-10
801150,医药生物,301293,三博脑科,0.2224,2023-05-05
801150,医药生物,688581,安杰思,0.0487,2023-05-19
801150,医药生物,688443,智翔金泰,0.0998,2023-06-20
801150,医药生物,002622,皓宸医疗,0.0536,2023-07-06
801150,医药生物,300158,振东制药,0.1189,2023-07-06
801150,医药生物,300341,麦克奥迪,0.0828,2023-07-06
801150,医药生物,600211,西藏药业,0.1662,2023-07-06
801150,医药生物,603456,九洲药业,0.2135,2023-07-06
801150,医药生物,301370,国科恒泰,0.0476,2023-07-12
801150,医药生物,301393,昊帆生物,0.0803,2023-07-12
801150,医药生物,301515,港通医疗,0.0352,2023-07-25
801150,医药生物,301509,金凯生科,0.0424,2023-08-03
801150,医药生物,301507,民生健康,0.0449,2023-09-05
801150,医药生物,301520,万邦医药,0.0596,2023-09-22
801150,医药生物,688235,百济神州,0.9368,2024-05-22
801150,医药生物,301580,爱迪特,0.1564,2024-06-26
801150,医药生物,002038,双鹭药业,0.1221,2024-07-31
801150,医药生物,002399,海普瑞,0.0848,2024-07-31
801150,医药生物,002773,康弘药业,0.1869,2024-07-31
801150,医药生物,300318,博晖创新,0.0613,2024-07-31
801150,医药生物,300683,海特生物,0.0597,2024-07-31
801150,医药生物,301301,川宁生物,0.1704,2024-07-31
801150,医药生物,688426,康为世纪,0.0264,2024-07-31
801150,医药生物,688576,西山科技,0.0284,2024-07-31
801150,医药生物,603207,小方制药,0.0444,2024-08-26
801150,医药生物,688710,益诺思,0.1516,2024-09-03
801150,医药生物,603205,健尔康,0.0304,2024-11-07
801150,医药生物,301188,力诺药包,0.1246,2024-11-19
801150,医药生物,688076,ST诺泰,0.1872,2024-12-24
801150,医药生物,688758,赛分科技,0.1635,2025-01-13
801150,医药生物,301602,超研股份,0.0363,2025-01-22
801150,医药生物,688755,汉邦科技,0.0562,2025-05-16
801150,医药生物,603014,威高血净,0.1042,2025-05-19
801150,医药生物,301584,建发致新,0.0366,2025-09-25
801150,医药生物,688759,必贝特-U,0.0546,2025-10-28
801150,医药生物,688765,禾元生物,0.0863,2025-10-28
801150,医药生物,688796,百奥赛图,0.1517,2025-12-10
801150,医药生物,688805,健信超导,0.0454,2025-12-24
801150,医药生物,603718,*ST海利,0.0383,2026-02-03
801150,医药生物,688712,北芯生命,0.0466,2026-02-05
801150,医药生物,300430,*ST益通,0.0253,2026-07-02
801150,医药生物,603392,万泰生物,0.3034,2026-07-02
801150,医药生物,688806,泰诺麦博,0.0385,2026-07-21
801150,医药生物,301087,可孚医疗,0.1539,2026-08-25
801150,医药生物,000028,国药一致,0.121,2021-12-13
801160,公用事业,000155,川能动力,0.9513,2021-12-13
801160,公用事业,000407,胜利股份,0.2106,2021-12-13
801160,公用事业,000531,穗恒运A,0.1916,2021-12-13
801160,公用事业,000539,粤电力A,0.3015,2021-12-13
801160,公用事业,000543,皖能电力,0.5981,2021-12-13
801160,公用事业,000591,太阳能,0.8787,2021-12-13
801160,公用事业,000593,德龙汇能,0.3885,2021-12-13
801160,公用事业,000600,建投能源,0.3852,2021-12-13
801160,公用事业,000601,韶能股份,0.4046,2021-12-13
801160,公用事业,000669,ST金鸿,0.1892,2021-12-13
801160,公用事业,000690,宝新能源,0.7611,2021-12-13
801160,公用事业,000692,惠天热电,0.1243,2021-12-13
801160,公用事业,000722,湖南发展,0.2345,2021-12-13
801160,公用事业,000767,晋控电力,0.2991,2021-12-13
801160,公用事业,000791,甘肃能源,0.4414,2021-12-13
801160,公用事业,000862,银星能源,0.2058,2021-12-13
801160,公用事业,000875,电投绿能,0.8536,2021-12-13
801160,公用事业,000883,湖北能源,0.4701,2021-12-13
801160,公用事业,000899,赣能股份,0.2314,2021-12-13
801160,公用事业,000966,长源电力,0.4148,2021-12-13
801160,公用事业,000993,闽东电力,0.1964,2021-12-13
801160,公用事业,001210,金房能源,0.2481,2021-12-13
801160,公用事业,001896,豫能控股,0.5655,2021-12-13
801160,公用事业,002015,协鑫能科,1.0443,2021-12-13
801160,公用事业,002039,黔源电力,0.3908,2021-12-13
801160,公用事业,002256,兆新股份,0.4207,2021-12-13
801160,公用事业,002259,升达林业,0.1938,2021-12-13
801160,公用事业,002267,陕天然气,0.2387,2021-12-13
801160,公用事业,002479,富春环保,0.2573,2021-12-13
801160,公用事业,002608,江苏国信,0.3305,2021-12-13
801160,公用事业,002616,长青集团,0.1389,2021-12-13
801160,公用事业,002617,露笑科技,0.7865,2021-12-13
801160,公用事业,002700,万憬能源,0.0519,2021-12-13
801160,公用事业,002893,京能热力,0.1446,2021-12-13
801160,公用事业,002911,佛燃能源,0.1848,2021-12-13
801160,公用事业,003035,南网能源,0.4842,2021-12-13
801160,公用事业,003816,中国广核,1.7699,2021-12-13
801160,公用事业,300125,聆达股份,0.2377,2021-12-13
801160,公用事业,300317,珈伟新能,0.1957,2021-12-13
801160,公用事业,300332,天壕能源,0.2812,2021-12-13
801160,公用事业,300335,迪森股份,0.1647,2021-12-13
801160,公用事业,300483,首华燃气,0.6716,2021-12-13
801160,公用事业,600011,华能国际,1.4671,2021-12-13
801160,公用事业,600021,上海电力,1.3346,2021-12-13
801160,公用事业,600023,浙能电力,1.229,2021-12-13
801160,公用事业,600025,华能水电,1.7092,2021-12-13
801160,公用事业,600027,华电国际,1.4538,2021-12-13
801160,公用事业,600032,浙江新能,0.2498,2021-12-13
801160,公用事业,600098,广州发展,0.4684,2021-12-13
801160,公用事业,600101,明星电力,0.2486,2021-12-13
801160,公用事业,600116,三峡水利,0.3535,2021-12-13
801160,公用事业,600149,廊坊发展,0.107,2021-12-13
801160,公用事业,600163,中闽能源,0.2537,2021-12-13
801160,公用事业,600167,联美控股,0.3291,2021-12-13
801160,公用事业,600236,桂冠电力,0.3163,2021-12-13
801160,公用事业,600310,广西能源,0.2419,2021-12-13
801160,公用事业,600333,长春燃气,0.1442,2021-12-13
801160,公用事业,600396,华电辽能,0.7595,2021-12-13
801160,公用事业,600452,涪陵电力,0.6591,2021-12-13
801160,公用事业,600483,福能股份,0.848,2021-12-13
801160,公用事业,600505,西昌电力,0.1424,2021-12-13
801160,公用事业,600509,天富能源,0.4648,2021-12-13
801160,公用事业,600578,京能电力,0.5586,2021-12-13
801160,公用事业,600617,国新能源,0.2039,2021-12-13
801160,公用事业,600635,大众公用,0.7053,2021-12-13
801160,公用事业,600642,申能股份,1.1661,2021-12-13
801160,公用事业,600644,乐山电力,0.2218,2021-12-13
801160,公用事业,600674,川投能源,2.0755,2021-12-13
801160,公用事业,600681,百川能源,0.1661,2021-12-13
801160,公用事业,600719,大连热电,0.1702,2021-12-13
801160,公用事业,600726,华电能源,0.4267,2021-12-13
801160,公用事业,600744,华银电力,0.4546,2021-12-13
801160,公用事业,600780,通宝能源,0.2388,2021-12-13
801160,公用事业,600795,国电电力,3.1755,2021-12-13
801160,公用事业,600803,新奥股份,1.3432,2021-12-13
801160,公用事业,600863,华能蒙电,1.4263,2021-12-13
801160,公用事业,600886,国投电力,2.7818,2021-12-13
801160,公用事业,600900,长江电力,22.3179,2021-12-13
801160,公用事业,600903,贵州燃气,0.2124,2021-12-13
801160,公用事业,600905,三峡能源,3.1757,2021-12-13
801160,公用事业,600917,重庆燃气,0.2063,2021-12-13
801160,公用事业,600956,新天绿能,0.1679,2021-12-13
801160,公用事业,600969,郴电国际,0.2022,2021-12-13
801160,公用事业,600979,广安爱众,0.2144,2021-12-13
801160,公用事业,600982,宁波能源,0.1969,2021-12-13
801160,公用事业,600995,南网储能,0.6587,2021-12-13
801160,公用事业,601016,节能风电,0.9104,2021-12-13
801160,公用事业,601139,深圳燃气,0.3039,2021-12-13
801160,公用事业,601619,嘉泽新能,0.4015,2021-12-13
801160,公用事业,601778,晶科科技,0.8542,2021-12-13
801160,公用事业,601908,京运通,0.2663,2021-12-13
801160,公用事业,601985,中国核电,5.0472,2021-12-13
801160,公用事业,601991,大唐发电,1.1756,2021-12-13
801160,公用事业,603053,成都燃气,0.1261,2021-12-13
801160,公用事业,603080,新疆火炬,0.1285,2021-12-13
801160,公用事业,603105,芯能科技,0.1999,2021-12-13
801160,公用事业,603318,水发燃气,0.2056,2021-12-13
801160,公用事业,603393,新天然气,0.5103,2021-12-13
801160,公用事业,603689,皖天然气,0.1098,2021-12-13
801160,公用事业,603693,江苏新能,0.1342,2021-12-13
801160,公用事业,603706,东方环宇,0.0863,2021-12-13
801160,公用事业,605011,杭州热电,0.1151,2021-12-13
801160,公用事业,605028,世茂能源,0.0834,2021-12-13
801160,公用事业,605090,九丰能源,0.9432,2021-12-13
801160,公用事业,605162,新中港,0.1108,2021-12-13
801160,公用事业,605169,洪通燃气,0.0825,2021-12-13
801160,公用事业,605368,蓝天燃气,0.1457,2021-12-13
801160,公用事业,605580,恒盛能源,0.1443,2021-12-13
801160,公用事业,001289,龙源电力,0.1705,2022-02-09
801160,公用事业,001258,立新能源,0.3311,2022-07-27
801160,公用事业,000037,深南电A,0.1572,2022-08-01
801160,公用事业,600226,亨通股份,0.8754,2022-08-01
801160,公用事业,600821,金开新能,0.6429,2022-08-01
801160,公用事业,000537,绿发电力,0.3855,2022-08-29
801160,公用事业,001331,胜通能源,0.3622,2022-09-08
801160,公用事业,001299,美能能源,0.0824,2022-10-31
801160,公用事业,001286,陕西能源,0.5509,2023-05-08
801160,公用事业,000507,珠海港,0.2596,2023-07-06
801160,公用事业,002480,新筑股份,0.2282,2023-07-06
801160,公用事业,600052,东望时代,0.1543,2023-07-06
801160,公用事业,001376,百通能源,0.2055,2023-11-02
801160,公用事业,002218,拓日新能,0.2827,2024-07-31
801160,公用事业,300040,九洲集团,0.1904,2024-07-31
801160,公用事业,600475,华光环能,0.3734,2024-07-31
801160,公用事业,600868,梅雁吉祥,0.4121,2024-07-31
801160,公用事业,002053,云南能投,0.1895,2024-12-09
801160,公用事业,600930,华电新能,2.8482,2025-07-16
801160,公用事业,000595,新能股份,0.2822,2026-07-02
801160,公用事业,000631,顺发恒能,0.1622,2026-07-02
801160,公用事业,000958,电投产融,0.5543,2026-07-02
801160,公用事业,001248,华润新能,1.0806,2026-07-02
801160,公用事业,002310,东方新能,0.5617,2026-07-02
801160,公用事业,600157,永泰能源,2.2582,2026-07-02
801160,公用事业,600292,电投水电,0.3777,2026-07-02
801160,公用事业,600575,淮河能源,0.3953,2026-07-02
801160,公用事业,603071,物产环能,0.1443,2026-07-02
801160,公用事业,000027,深圳能源,0.6097,2021-12-13
801170,交通运输,000089,深圳机场,0.6393,2021-12-13
801170,交通运输,000099,中信海直,0.7204,2021-12-13
801170,交通运输,000429,粤高速A,0.7083,2021-12-13
801170,交通运输,000520,凤凰航运,0.3566,2021-12-13
801170,交通运输,000548,湖南投资,0.1706,2021-12-13
801170,交通运输,000557,西部创业,0.2508,2021-12-13
801170,交通运输,000582,北部湾港,0.9469,2021-12-13
801170,交通运输,000626,远大控股,0.2125,2021-12-13
801170,交通运输,000755,山西高速,0.1572,2021-12-13
801170,交通运输,000828,东莞控股,0.3446,2021-12-13
801170,交通运输,000900,现代投资,0.3258,2021-12-13
801170,交通运输,000905,厦门港务,0.3563,2021-12-13
801170,交通运输,000906,浙商中拓,0.2378,2021-12-13
801170,交通运输,001202,炬申股份,0.0885,2021-12-13
801170,交通运输,001205,盛航股份,0.2122,2021-12-13
801170,交通运输,001213,中铁特货,0.2952,2021-12-13
801170,交通运输,001317,三羊马,0.1726,2021-12-13
801170,交通运输,001872,招商港口,0.4938,2021-12-13
801170,交通运输,001965,招商公路,1.6472,2021-12-13
801170,交通运输,002010,传化智联,0.5561,2021-12-13
801170,交通运输,002040,南京港,0.154,2021-12-13
801170,交通运输,002120,韵达股份,0.9114,2021-12-13
801170,交通运输,002320,海峡股份,0.4701,2021-12-13
801170,交通运输,002352,顺丰控股,7.5582,2021-12-13
801170,交通运输,002357,富临运业,0.2515,2021-12-13
801170,交通运输,002468,申通快递,0.9087,2021-12-13
801170,交通运输,002492,恒基达鑫,0.1537,2021-12-13
801170,交通运输,002682,龙洲股份,0.1932,2021-12-13
801170,交通运输,002769,普路通,0.2331,2021-12-13
801170,交通运输,002889,东方嘉盛,0.1476,2021-12-13
801170,交通运输,002928,华夏航空,0.4925,2021-12-13
801170,交通运输,002930,宏川智慧,0.2182,2021-12-13
801170,交通运输,300013,新宁物流,0.1841,2021-12-13
801170,交通运输,300240,飞力达,0.1344,2021-12-13
801170,交通运输,300350,华鹏飞,0.2137,2021-12-13
801170,交通运输,300873,海晨股份,0.2489,2021-12-13
801170,交通运输,600004,白云机场,0.8654,2021-12-13
801170,交通运输,600009,上海机场,2.13,2021-12-13
801170,交通运输,600012,皖通高速,0.4416,2021-12-13
801170,交通运输,600017,日照港,0.4824,2021-12-13
801170,交通运输,600018,上港集团,1.6808,2021-12-13
801170,交通运输,600020,中原高速,0.3044,2021-12-13
801170,交通运输,600026,中远海能,2.7883,2021-12-13
801170,交通运输,600029,南方航空,2.0914,2021-12-13
801170,交通运输,600033,福建高速,0.4805,2021-12-13
801170,交通运输,600035,楚天高速,0.3,2021-12-13
801170,交通运输,600057,厦门象屿,0.6163,2021-12-13
801170,交通运输,600106,重庆路桥,0.4895,2021-12-13
801170,交通运输,600115,中国东航,2.418,2021-12-13
801170,交通运输,600119,*ST长投,0.1023,2021-12-13
801170,交通运输,600125,铁龙物流,0.5413,2021-12-13
801170,交通运输,600153,建发股份,1.3935,2021-12-13
801170,交通运输,600179,安通控股,1.0346,2021-12-13
801170,交通运输,600180,*ST瑞茂,0.0625,2021-12-13
801170,交通运输,600221,海航控股,2.7117,2021-12-13
801170,交通运输,600233,圆通速递,2.76,2021-12-13
801170,交通运输,600269,赣粤高速,0.4003,2021-12-13
801170,交通运输,600279,重庆港,0.1946,2021-12-13
801170,交通运输,600350,山东高速,0.7094,2021-12-13
801170,交通运输,600368,五洲交通,0.3655,2021-12-13
801170,交通运输,600377,宁沪高速,0.6086,2021-12-13
801170,交通运输,600428,中远海特,1.4489,2021-12-13
801170,交通运输,600548,深高速,0.2148,2021-12-13
801170,交通运输,600561,江西长运,0.1137,2021-12-13
801170,交通运输,600611,大众交通,0.5959,2021-12-13
801170,交通运输,600650,锦江在线,0.2099,2021-12-13
801170,交通运输,600704,物产中大,1.4397,2021-12-13
801170,交通运输,600717,天津港,0.5806,2021-12-13
801170,交通运输,600753,ST海钦,0.1589,2021-12-13
801170,交通运输,600755,厦门国贸,0.7863,2021-12-13
801170,交通运输,600787,中储股份,0.5591,2021-12-13
801170,交通运输,600794,保税科技,0.2726,2021-12-13
801170,交通运输,600798,宁波海运,0.2348,2021-12-13
801170,交通运输,600834,申通地铁,0.1653,2021-12-13
801170,交通运输,600897,厦门空港,0.2253,2021-12-13
801170,交通运输,601000,唐山港,1.1025,2021-12-13
801170,交通运输,601006,大秦铁路,4.5709,2021-12-13
801170,交通运输,601008,连云港,0.2487,2021-12-13
801170,交通运输,601018,宁波港,0.8222,2021-12-13
801170,交通运输,601021,春秋航空,2.0659,2021-12-13
801170,交通运输,601107,四川成渝,0.292,2021-12-13
801170,交通运输,601111,中国国航,2.1644,2021-12-13
801170,交通运输,601156,东航物流,1.4406,2021-12-13
801170,交通运输,601188,龙江交通,0.2067,2021-12-13
801170,交通运输,601228,广州港,0.3613,2021-12-13
801170,交通运输,601298,青岛港,0.6239,2021-12-13
801170,交通运输,601326,秦港股份,0.2515,2021-12-13
801170,交通运输,601333,广深铁路,0.9847,2021-12-13
801170,交通运输,601518,吉林高速,0.1758,2021-12-13
801170,交通运输,601598,中国外运,0.6707,2021-12-13
801170,交通运输,601816,京沪高铁,5.3754,2021-12-13
801170,交通运输,601866,中远海发,0.9244,2021-12-13
801170,交通运输,601872,招商轮船,5.1641,2021-12-13
801170,交通运输,601880,辽港股份,0.7443,2021-12-13
801170,交通运输,601919,中远海控,6.4432,2021-12-13
801170,交通运输,601975,招商南油,1.3744,2021-12-13
801170,交通运输,603069,海汽集团,0.1894,2021-12-13
801170,交通运输,603117,万林物流,0.1817,2021-12-13
801170,交通运输,603128,华贸物流,0.3501,2021-12-13
801170,交通运输,603167,渤海轮渡,0.2305,2021-12-13
801170,交通运输,603329,上海雅仕,0.1278,2021-12-13
801170,交通运输,603535,嘉诚国际,0.1183,2021-12-13
801170,交通运输,603565,中谷物流,1.118,2021-12-13
801170,交通运输,603569,长久物流,0.0852,2021-12-13
801170,交通运输,603648,畅联股份,0.1723,2021-12-13
801170,交通运输,603713,密尔克卫,0.5629,2021-12-13
801170,交通运输,603813,原尚股份,0.1106,2021-12-13
801170,交通运输,603836,海程邦达,0.1139,2021-12-13
801170,交通运输,603871,嘉友国际,0.8464,2021-12-13
801170,交通运输,603885,吉祥航空,1.0258,2021-12-13
801170,交通运输,603967,中创物流,0.1497,2021-12-13
801170,交通运输,605050,福然德,0.205,2021-12-13
801170,交通运输,603209,兴通股份,0.2863,2022-03-24
801170,交通运输,001228,永泰运,0.1932,2022-04-29
801170,交通运输,603066,音飞储存,0.139,2022-08-01
801170,交通运输,601022,宁波远洋,0.1989,2022-12-08
801170,交通运输,603162,海通发展,0.6103,2023-03-29
801170,交通运输,601083,锦江航运,0.2802,2023-12-05
801170,交通运输,600751,海航科技,0.4425,2024-07-31
801170,交通运输,001391,国货航,0.5125,2025-01-07
801170,交通运输,000886,海南高速,0.3604,2025-08-13
801170,交通运输,002485,ST雪发,0.1025,2025-08-13
801170,交通运输,600603,广汇物流,0.2487,2025-08-13
801170,交通运输,001220,世盟股份,0.0795,2026-02-03
801170,交通运输,002800,天顺股份,0.1297,2026-07-02
801170,交通运输,000088,盐田港,0.4702,2021-12-13
801180,房地产,000006,深振业A,1.4601,2021-12-13
801180,房地产,000011,深物业A,0.3549,2021-12-13
801180,房地产,000014,沙河股份,0.4096,2021-12-13
801180,房地产,000029,深深房A,1.5253,2021-12-13
801180,房地产,000031,大悦城,0.7416,2021-12-13
801180,房地产,000036,华联控股,0.9503,2021-12-13
801180,房地产,000042,中洲控股,0.6068,2021-12-13
801180,房地产,000056,*ST皇庭,0.4132,2021-12-13
801180,房地产,000069,华侨城A,1.3024,2021-12-13
801180,房地产,000090,天健集团,0.9312,2021-12-13
801180,房地产,000402,金融街,0.6723,2021-12-13
801180,房地产,000514,渝开发,0.3162,2021-12-13
801180,房地产,000517,荣安地产,0.3112,2021-12-13
801180,房地产,000560,我爱我家,1.288,2021-12-13
801180,房地产,000573,粤宏远A,0.4716,2021-12-13
801180,房地产,000608,阳光股份,0.9383,2021-12-13
801180,房地产,000609,*ST中迪,0.5073,2021-12-13
801180,房地产,000620,盈新发展,1.7671,2021-12-13
801180,房地产,000656,金科股份,1.6101,2021-12-13
801180,房地产,000718,苏宁环球,0.5737,2021-12-13
801180,房地产,000736,中交发展,0.374,2021-12-13
801180,房地产,000797,中国武夷,0.4474,2021-12-13
801180,房地产,000838,*ST发展,0.4793,2021-12-13
801180,房地产,000863,三湘印象,0.6282,2021-12-13
801180,房地产,000897,津滨发展,0.5887,2021-12-13
801180,房地产,000909,*ST数源,0.2798,2021-12-13
801180,房地产,000926,福星股份,0.6711,2021-12-13
801180,房地产,000965,天保基建,0.4164,2021-12-13
801180,房地产,001914,招商积余,0.8709,2021-12-13
801180,房地产,001979,招商蛇口,5.0837,2021-12-13
801180,房地产,002016,世荣兆业,0.2755,2021-12-13
801180,房地产,002133,广宇集团,0.3518,2021-12-13
801180,房地产,002146,荣盛发展,0.7625,2021-12-13
801180,房地产,002208,合肥城建,0.8272,2021-12-13
801180,房地产,002244,滨江集团,2.3902,2021-12-13
801180,房地产,002285,世联行,0.6059,2021-12-13
801180,房地产,002305,*ST南置,0.6895,2021-12-13
801180,房地产,002314,南山控股,0.4622,2021-12-13
801180,房地产,002968,新大正,0.2388,2021-12-13
801180,房地产,300917,特发服务,0.5263,2021-12-13
801180,房地产,600007,中国国贸,0.9045,2021-12-13
801180,房地产,600048,保利发展,8.0482,2021-12-13
801180,房地产,600064,南京高科,2.0198,2021-12-13
801180,房地产,600082,ST海泰,0.3192,2021-12-13
801180,房地产,600094,大名城,1.2276,2021-12-13
801180,房地产,600159,大龙地产,0.2901,2021-12-13
801180,房地产,600162,香江控股,1.206,2021-12-13
801180,房地产,600173,卧龙新能,0.4238,2021-12-13
801180,房地产,600208,衢州发展,2.6015,2021-12-13
801180,房地产,600246,万通发展,4.5042,2021-12-13
801180,房地产,600266,城建发展,1.191,2021-12-13
801180,房地产,600322,津投城开,0.5565,2021-12-13
801180,房地产,600325,华发股份,1.2381,2021-12-13
801180,房地产,600340,*ST华幸,0.5491,2021-12-13
801180,房地产,600376,首开股份,1.0172,2021-12-13
801180,房地产,600383,金地集团,1.1081,2021-12-13
801180,房地产,600463,空港股份,0.2551,2021-12-13
801180,房地产,600503,华丽家族,0.8054,2021-12-13
801180,房地产,600510,黑牡丹,0.6155,2021-12-13
801180,房地产,600533,栖霞建设,0.327,2021-12-13
801180,房地产,600604,市北高新,0.67,2021-12-13
801180,房地产,600606,绿地控股,1.2624,2021-12-13
801180,房地产,600622,光大嘉宝,0.5171,2021-12-13
801180,房地产,600638,新黄浦,0.4736,2021-12-13
801180,房地产,600639,浦东金桥,0.6346,2021-12-13
801180,房地产,600648,外高桥,0.7093,2021-12-13
801180,房地产,600649,城投控股,1.1593,2021-12-13
801180,房地产,600657,信达地产,0.567,2021-12-13
801180,房地产,600658,电子城,0.5905,2021-12-13
801180,房地产,600663,陆家嘴,1.1367,2021-12-13
801180,房地产,600665,天地源,0.314,2021-12-13
801180,房地产,600675,中华企业,0.7807,2021-12-13
801180,房地产,600683,京投发展,0.759,2021-12-13
801180,房地产,600692,亚通股份,0.3761,2021-12-13
801180,房地产,600708,光明地产,0.6968,2021-12-13
801180,房地产,600716,凤凰股份,0.4011,2021-12-13
801180,房地产,600736,苏州高新,1.0648,2021-12-13
801180,房地产,600748,上实发展,0.7045,2021-12-13
801180,房地产,600773,西藏城投,1.4533,2021-12-13
801180,房地产,600791,京能置业,0.4373,2021-12-13
801180,房地产,600848,上海临港,1.3228,2021-12-13
801180,房地产,600895,张江高科,5.7952,2021-12-13
801180,房地产,601155,新城控股,2.2029,2021-12-13
801180,房地产,601512,中新集团,0.4855,2021-12-13
801180,房地产,601588,北辰实业,0.5676,2021-12-13
801180,房地产,603506,南都物业,0.2329,2021-12-13
801180,房地产,002188,中天服务,0.2696,2022-08-01
801180,房地产,600239,ST云城,0.3202,2023-07-06
801180,房地产,600515,海南机场,3.2962,2023-07-06
801180,房地产,600684,珠江股份,0.4924,2024-03-04
801180,房地产,000668,荣丰控股,0.4621,2024-07-31
801180,房地产,600724,宁波富达,0.4156,2024-07-31
801180,房地产,600136,ST明诚,0.4486,2025-08-13
801180,房地产,600743,华远控股,0.5117,2026-07-02
801180,房地产,000002,万科A,5.1352,2021-12-13
801200,商贸零售,000058,深赛格,0.511,2021-12-13
801200,商贸零售,000061,农产品,1.0534,2021-12-13
801200,商贸零售,000151,中成股份,0.4479,2021-12-13
801200,商贸零售,000419,通程控股,0.3667,2021-12-13
801200,商贸零售,000501,武商集团,0.7846,2021-12-13
801200,商贸零售,000564,供销大集,3.659,2021-12-13
801200,商贸零售,000715,中兴商业,0.3405,2021-12-13
801200,商贸零售,000759,中百集团,0.6404,2021-12-13
801200,商贸零售,000785,居然智家,1.0082,2021-12-13
801200,商贸零售,000829,天音控股,1.4297,2021-12-13
801200,商贸零售,002024,ST易购,1.0107,2021-12-13
801200,商贸零售,002091,江苏国泰,1.4857,2021-12-13
801200,商贸零售,002127,南极电商,1.2629,2021-12-13
801200,商贸零售,002187,广百股份,0.3244,2021-12-13
801200,商贸零售,002251,步步高,1.561,2021-12-13
801200,商贸零售,002277,友阿股份,1.3975,2021-12-13
801200,商贸零售,002315,焦点科技,1.2677,2021-12-13
801200,商贸零售,002344,海宁皮城,0.6005,2021-12-13
801200,商贸零售,002356,鹏飞绿能,0.709,2021-12-13
801200,商贸零售,002416,爱施德,1.4555,2021-12-13
801200,商贸零售,002419,天虹股份,0.7263,2021-12-13
801200,商贸零售,002561,徐家汇,0.4457,2021-12-13
801200,商贸零售,002640,跨境通,1.1234,2021-12-13
801200,商贸零售,002697,红旗连锁,0.8438,2021-12-13
801200,商贸零售,002803,吉宏股份,1.3641,2021-12-13
801200,商贸零售,002818,富森美,0.401,2021-12-13
801200,商贸零售,003010,若羽臣,1.339,2021-12-13
801200,商贸零售,300022,吉峰科技,0.7008,2021-12-13
801200,商贸零售,300464,星徽股份,0.4406,2021-12-13
801200,商贸零售,300622,博士眼镜,0.7172,2021-12-13
801200,商贸零售,300755,华致酒行,0.3259,2021-12-13
801200,商贸零售,300792,壹网壹创,0.7365,2021-12-13
801200,商贸零售,300947,德必集团,0.3107,2021-12-13
801200,商贸零售,301001,凯淳股份,0.1815,2021-12-13
801200,商贸零售,301078,孩子王,1.621,2021-12-13
801200,商贸零售,600058,五矿发展,0.9537,2021-12-13
801200,商贸零售,600113,浙江东日,1.2097,2021-12-13
801200,商贸零售,600128,苏豪弘业,0.3655,2021-12-13
801200,商贸零售,600278,东方创业,0.4444,2021-12-13
801200,商贸零售,600280,中央商场,0.3707,2021-12-13
801200,商贸零售,600287,苏豪时尚,0.2484,2021-12-13
801200,商贸零售,600415,小商品城,7.1372,2021-12-13
801200,商贸零售,600605,汇通能源,0.8331,2021-12-13
801200,商贸零售,600628,新世界,0.5108,2021-12-13
801200,商贸零售,600655,豫园股份,1.3567,2021-12-13
801200,商贸零售,600693,东百集团,0.9291,2021-12-13
801200,商贸零售,600694,大商股份,0.7103,2021-12-13
801200,商贸零售,600697,欧亚集团,0.2542,2021-12-13
801200,商贸零售,600710,苏美达,1.2948,2021-12-13
801200,商贸零售,600712,南宁百货,0.5387,2021-12-13
801200,商贸零售,600729,重百集团,0.877,2021-12-13
801200,商贸零售,600778,友好集团,0.2725,2021-12-13
801200,商贸零售,600785,新华百货,0.5006,2021-12-13
801200,商贸零售,600790,轻纺城,0.6569,2021-12-13
801200,商贸零售,600814,杭州解百,0.4286,2021-12-13
801200,商贸零售,600824,益民集团,0.5933,2021-12-13
801200,商贸零售,600827,百联股份,1.2595,2021-12-13
801200,商贸零售,600828,茂业商业,0.3154,2021-12-13
801200,商贸零售,600838,上海九百,0.5498,2021-12-13
801200,商贸零售,600857,宁波中百,0.6968,2021-12-13
801200,商贸零售,600858,银座股份,0.3359,2021-12-13
801200,商贸零售,600859,王府井,1.73,2021-12-13
801200,商贸零售,600865,百大集团,0.4078,2021-12-13
801200,商贸零售,600981,苏豪汇鸿,0.4415,2021-12-13
801200,商贸零售,601010,ST文峰,0.4675,2021-12-13
801200,商贸零售,601086,国芳集团,0.5412,2021-12-13
801200,商贸零售,601116,三江购物,0.5966,2021-12-13
801200,商贸零售,601366,利群股份,0.4037,2021-12-13
801200,商贸零售,601828,美凯龙,0.7975,2021-12-13
801200,商贸零售,601888,中国中免,12.195,2021-12-13
801200,商贸零售,601933,永辉超市,3.0047,2021-12-13
801200,商贸零售,603123,翠微股份,0.846,2021-12-13
801200,商贸零售,603214,爱婴室,0.3047,2021-12-13
801200,商贸零售,603613,国联股份,2.3713,2021-12-13
801200,商贸零售,603682,锦和商管,0.5167,2021-12-13
801200,商贸零售,603708,家家悦,0.436,2021-12-13
801200,商贸零售,605136,丽人丽妆,0.4264,2021-12-13
801200,商贸零售,605188,国光连锁,0.3319,2021-12-13
801200,商贸零售,301110,青木科技,0.6409,2022-03-11
801200,商贸零售,000679,大连友谊,0.3989,2022-08-01
801200,商贸零售,300518,新迅达,0.7431,2022-08-01
801200,商贸零售,300592,华凯易佰,0.8403,2022-08-01
801200,商贸零售,600365,ST通葡,0.2399,2022-08-01
801200,商贸零售,600539,狮头股份,0.4762,2022-08-01
801200,商贸零售,601061,中信金属,1.4166,2023-04-10
801200,商贸零售,000417,合百集团,0.7447,2023-07-06
801200,商贸零售,002072,凯瑞德,0.4212,2023-07-06
801200,商贸零售,600327,大东方,0.4547,2023-07-06
801200,商贸零售,603101,汇嘉时代,0.3503,2023-07-06
801200,商贸零售,301381,赛维时代,0.6878,2023-07-12
801200,商贸零售,301558,三态股份,0.2733,2023-09-28
801200,商贸零售,002183,怡亚通,1.8725,2024-07-31
801200,商贸零售,300972,万辰集团,4.0076,2026-03-06
801200,商贸零售,600185,珠免集团,1.0257,2026-03-06
801200,商贸零售,000701,厦门信达,0.5136,2026-07-02
801200,商贸零售,000882,华联股份,0.7407,2026-07-02
801200,商贸零售,002177,御银股份,0.9867,2026-07-02
801200,商贸零售,600738,丽尚国潮,0.4047,2026-07-02
801200,商贸零售,000007,全新好,0.6996,2021-12-13
801210,社会服务,000430,张家界,0.7945,2021-12-13
801210,社会服务,000524,岭南控股,0.8399,2021-12-13
801210,社会服务,000526,学大教育,0.7226,2021-12-13
801210,社会服务,000721,西安饮食,0.9743,2021-12-13
801210,社会服务,000796,凯撒旅业,2.018,2021-12-13
801210,社会服务,000888,峨眉山A,1.3338,2021-12-13
801210,社会服务,000978,桂林旅游,0.6323,2021-12-13
801210,社会服务,002033,丽江股份,1.1192,2021-12-13
801210,社会服务,002059,云南旅游,0.8852,2021-12-13
801210,社会服务,002159,三特索道,0.5321,2021-12-13
801210,社会服务,002186,全聚德,0.6959,2021-12-13
801210,社会服务,002607,中公教育,4.0394,2021-12-13
801210,社会服务,002659,凯文教育,0.7889,2021-12-13
801210,社会服务,002707,众信旅游,1.4645,2021-12-13
801210,社会服务,002858,力盛体育,0.607,2021-12-13
801210,社会服务,002967,广电计量,2.3982,2021-12-13
801210,社会服务,003008,开普检测,0.3961,2021-12-13
801210,社会服务,003032,传智教育,0.6822,2021-12-13
801210,社会服务,300012,华测检测,7.7665,2021-12-13
801210,社会服务,300144,宋城演艺,3.7669,2021-12-13
801210,社会服务,300192,科德教育,2.1964,2021-12-13
801210,社会服务,300215,电科院,0.7985,2021-12-13
801210,社会服务,300338,*ST开元,0.4187,2021-12-13
801210,社会服务,300359,全通教育,0.6471,2021-12-13
801210,社会服务,300662,科锐国际,1.2461,2021-12-13
801210,社会服务,300688,创业黑马,1.2095,2021-12-13
801210,社会服务,300795,米奥会展,0.7433,2021-12-13
801210,社会服务,300859,西域旅游,1.1001,2021-12-13
801210,社会服务,300860,锋尚文化,0.8063,2021-12-13
801210,社会服务,300887,谱尼测试,0.6837,2021-12-13
801210,社会服务,300938,信测标准,2.0935,2021-12-13
801210,社会服务,300962,中金辐照,0.5085,2021-12-13
801210,社会服务,301073,君亭酒店,0.5988,2021-12-13
801210,社会服务,301169,零点有数,0.617,2021-12-13
801210,社会服务,600054,黄山旅游,1.0175,2021-12-13
801210,社会服务,600138,中青旅,1.5796,2021-12-13
801210,社会服务,600158,中体产业,2.0763,2021-12-13
801210,社会服务,600258,首旅酒店,3.0111,2021-12-13
801210,社会服务,600593,大连圣亚,1.0049,2021-12-13
801210,社会服务,600661,昂立教育,0.5949,2021-12-13
801210,社会服务,600706,曲江文旅,0.5608,2021-12-13
801210,社会服务,600730,*ST高科,1.7983,2021-12-13
801210,社会服务,600749,西藏旅游,0.7106,2021-12-13
801210,社会服务,600754,锦江酒店,3.0559,2021-12-13
801210,社会服务,600826,兰生股份,0.8046,2021-12-13
801210,社会服务,601007,金陵饭店,0.5947,2021-12-13
801210,社会服务,603060,国检集团,0.551,2021-12-13
801210,社会服务,603099,长白山,1.4775,2021-12-13
801210,社会服务,603183,建研院,0.7547,2021-12-13
801210,社会服务,603199,九华旅游,0.7612,2021-12-13
801210,社会服务,603377,ST东时,0.5183,2021-12-13
801210,社会服务,605098,行动教育,1.1394,2021-12-13
801210,社会服务,605108,同庆楼,0.4402,2021-12-13
801210,社会服务,301228,实朴检测,1.3235,2022-01-28
801210,社会服务,301289,国缆检测,0.343,2022-06-22
801210,社会服务,300010,ST豆神,2.8263,2022-08-01
801210,社会服务,300416,苏试试验,2.0342,2022-08-01
801210,社会服务,300797,钢研纳克,0.6161,2022-08-01
801210,社会服务,600662,外服控股,1.0219,2022-08-01
801210,社会服务,600880,博瑞传播,1.1805,2022-08-01
801210,社会服务,603136,天目湖,0.552,2022-08-01
801210,社会服务,301115,联检科技,1.1873,2022-08-31
801210,社会服务,688334,西高院,0.7485,2023-06-19
801210,社会服务,002057,中钢天源,1.8214,2023-07-06
801210,社会服务,002306,ST云网,0.6465,2023-07-06
801210,社会服务,600576,祥源文旅,1.0116,2023-07-06
801210,社会服务,301508,中机认检,0.587,2023-12-01
801210,社会服务,603373,安邦护卫,0.7167,2023-12-20
801210,社会服务,000610,*ST西旅,0.5562,2024-07-31
801210,社会服务,002093,国脉科技,1.3127,2024-07-31
801210,社会服务,600861,北京人力,1.1955,2024-07-31
801210,社会服务,000558,天府文旅,1.4332,2025-03-10
801210,社会服务,688757,胜科纳米,1.8314,2025-03-25
801210,社会服务,301632,广东建科,0.5789,2025-08-12
801210,社会服务,002243,力合科创,1.7665,2025-08-13
801210,社会服务,002627,三峡旅游,1.2384,2025-09-29
801210,社会服务,301449,天溯计量,0.352,2025-12-23
801210,社会服务,603402,陕西旅游,0.7441,2026-01-06
801210,社会服务,300050,世纪鼎利,1.2508,2026-07-02
801210,社会服务,300492,华图山鼎,1.0808,2026-07-02
801210,社会服务,600250,南京商旅,0.5912,2026-07-02
801210,社会服务,000428,华天酒店,0.8711,2021-12-13
801780,银行,002142,宁波银行,4.3613,2021-12-13
801780,银行,002807,江阴银行,0.3491,2021-12-13
801780,银行,002839,张家港行,0.3162,2021-12-13
801780,银行,002936,郑州银行,0.3341,2021-12-13
801780,银行,002948,青岛银行,0.4261,2021-12-13
801780,银行,002958,青农商行,0.4009,2021-12-13
801780,银行,002966,苏州银行,1.0554,2021-12-13
801780,银行,600000,浦发银行,3.3914,2021-12-13
801780,银行,600015,华夏银行,1.07,2021-12-13
801780,银行,600016,民生银行,2.4999,2021-12-13
801780,银行,600036,招商银行,14.6739,2021-12-13
801780,银行,600908,无锡银行,0.3073,2021-12-13
801780,银行,600919,江苏银行,5.1692,2021-12-13
801780,银行,600926,杭州银行,1.8312,2021-12-13
801780,银行,600928,西安银行,0.1478,2021-12-13
801780,银行,601009,南京银行,1.9474,2021-12-13
801780,银行,601077,渝农商行,1.3595,2021-12-13
801780,银行,601128,常熟银行,0.6562,2021-12-13
801780,银行,601166,兴业银行,8.7107,2021-12-13
801780,银行,601169,北京银行,2.9772,2021-12-13
801780,银行,601187,厦门银行,0.2634,2021-12-13
801780,银行,601229,上海银行,2.6286,2021-12-13
801780,银行,601288,农业银行,7.0011,2021-12-13
801780,银行,601328,交通银行,5.5362,2021-12-13
801780,银行,601398,工商银行,6.6983,2021-12-13
801780,银行,601528,瑞丰银行,0.3362,2021-12-13
801780,银行,601577,长沙银行,0.7081,2021-12-13
801780,银行,601658,邮储银行,1.8585,2021-12-13
801780,银行,601665,齐鲁银行,0.4557,2021-12-13
801780,银行,601818,光大银行,1.5652,2021-12-13
801780,银行,601825,沪农商行,1.3851,2021-12-13
801780,银行,601838,成都银行,1.5033,2021-12-13
801780,银行,601860,紫金银行,0.2594,2021-12-13
801780,银行,601916,浙商银行,1.8663,2021-12-13
801780,银行,601939,建设银行,4.0298,2021-12-13
801780,银行,601963,重庆银行,0.3697,2021-12-13
801780,银行,601988,中国银行,5.0428,2021-12-13
801780,银行,601997,贵阳银行,0.5507,2021-12-13
801780,银行,601998,中信银行,1.6302,2021-12-13
801780,银行,603323,苏农银行,0.3267,2021-12-13
801780,银行,001227,兰州银行,0.2858,2022-01-17
801780,银行,000001,平安银行,3.7119,2021-12-13
801790,非银金融,000415,渤海租赁,0.5957,2021-12-13
801790,非银金融,000532,华金资本,0.0829,2021-12-13
801790,非银金融,000563,陕国投A,0.3169,2021-12-13
801790,非银金融,000567,海德股份,0.1287,2021-12-13
801790,非银金融,000617,中油资本,0.4833,2021-12-13
801790,非银金融,000686,东北证券,0.4311,2021-12-13
801790,非银金融,000712,锦龙股份,0.3232,2021-12-13
801790,非银金融,000728,国元证券,0.6196,2021-12-13
801790,非银金融,000750,国海证券,0.561,2021-12-13
801790,非银金融,000776,广发证券,2.4129,2021-12-13
801790,非银金融,000783,长江证券,1.007,2021-12-13
801790,非银金融,000987,越秀资本,0.3155,2021-12-13
801790,非银金融,002423,中粮资本,0.2714,2021-12-13
801790,非银金融,002500,山西证券,0.3989,2021-12-13
801790,非银金融,002647,仁东控股,0.3788,2021-12-13
801790,非银金融,002670,国盛证券,0.273,2021-12-13
801790,非银金融,002673,西部证券,0.5827,2021-12-13
801790,非银金融,002736,国信证券,0.7501,2021-12-13
801790,非银金融,002797,第一创业,0.8324,2021-12-13
801790,非银金融,002926,华西证券,0.3962,2021-12-13
801790,非银金融,002939,长城证券,0.3764,2021-12-13
801790,非银金融,002945,华林证券,0.1635,2021-12-13
801790,非银金融,002961,瑞达期货,0.0806,2021-12-13
801790,非银金融,300059,东方财富,9.4627,2021-12-13
801790,非银金融,300773,拉卡拉,0.5072,2021-12-13
801790,非银金融,600030,中信证券,10.058,2021-12-13
801790,非银金融,600053,*ST九鼎,0.0358,2021-12-13
801790,非银金融,600095,湘财股份,0.3293,2021-12-13
801790,非银金融,600109,国金证券,0.748,2021-12-13
801790,非银金融,600120,浙江东方,0.2735,2021-12-13
801790,非银金融,600155,华创云信,0.3591,2021-12-13
801790,非银金融,600318,新力金融,0.113,2021-12-13
801790,非银金融,600369,西南证券,0.4093,2021-12-13
801790,非银金融,600390,五矿资本,0.3847,2021-12-13
801790,非银金融,600621,华鑫股份,0.2613,2021-12-13
801790,非银金融,600643,爱建集团,0.1279,2021-12-13
801790,非银金融,600816,建元信托,0.2938,2021-12-13
801790,非银金融,600830,香溢融通,0.1171,2021-12-13
801790,非银金融,600864,哈投股份,0.2247,2021-12-13
801790,非银金融,600901,江苏金租,0.5685,2021-12-13
801790,非银金融,600906,财达证券,0.2813,2021-12-13
801790,非银金融,600909,华安证券,0.6378,2021-12-13
801790,非银金融,600918,中泰证券,0.662,2021-12-13
801790,非银金融,600958,东方证券,1.4638,2021-12-13
801790,非银金融,600999,招商证券,1.8468,2021-12-13
801790,非银金融,601066,中信建投,1.4428,2021-12-13
801790,非银金融,601099,太平洋,0.8704,2021-12-13
801790,非银金融,601108,财通证券,1.1008,2021-12-13
801790,非银金融,601162,天风证券,0.9678,2021-12-13
801790,非银金融,601198,东兴证券,0.8068,2021-12-13
801790,非银金融,601211,国泰海通,5.9629,2021-12-13
801790,非银金融,601236,红塔证券,0.2434,2021-12-13
801790,非银金融,601318,中国平安,22.0142,2021-12-13
801790,非银金融,601319,中国人保,0.8034,2021-12-13
801790,非银金融,601336,新华保险,1.7511,2021-12-13
801790,非银金融,601375,中原证券,0.3029,2021-12-13
801790,非银金融,601377,兴业证券,1.5342,2021-12-13
801790,非银金融,601456,国联民生,0.6853,2021-12-13
801790,非银金融,601555,东吴证券,1.0196,2021-12-13
801790,非银金融,601601,中国太保,3.8141,2021-12-13
801790,非银金融,601628,中国人寿,2.323,2021-12-13
801790,非银金融,601688,华泰证券,3.8932,2021-12-13
801790,非银金融,601696,中银证券,0.5153,2021-12-13
801790,非银金融,601788,光大证券,1.0287,2021-12-13
801790,非银金融,601878,浙商证券,0.8647,2021-12-13
801790,非银金融,601881,中国银河,0.5692,2021-12-13
801790,非银金融,601901,方正证券,1.0818,2021-12-13
801790,非银金融,601990,南京证券,0.5412,2021-12-13
801790,非银金融,601995,中金公司,1.1509,2021-12-13
801790,非银金融,603093,南华期货,0.1086,2021-12-13
801790,非银金融,603300,海南华铁,0.2739,2021-12-13
801790,非银金融,600927,永安期货,0.0982,2021-12-23
801790,非银金融,600517,国网英大,0.2131,2022-08-01
801790,非银金融,001236,弘业期货,0.086,2022-08-05
801790,非银金融,601136,首创证券,0.2983,2022-12-22
801790,非银金融,601059,信达证券,0.4348,2023-02-01
801790,非银金融,000935,四川双马,0.3245,2023-07-06
801790,非银金融,600061,国投资本,0.5643,2025-08-13
801790,非银金融,000166,申万宏源,1.3591,2021-12-13
801230,综合,000652,泰达股份,3.5454,2021-12-13
801230,综合,000753,漳州发展,3.2968,2021-12-13
801230,综合,000833,粤桂股份,7.6908,2021-12-13
801230,综合,600051,宁波联合,1.4148,2021-12-13
801230,综合,600620,天宸股份,1.0659,2021-12-13
801230,综合,600770,综艺股份,3.8951,2021-12-13
801230,综合,600805,悦达投资,2.5297,2021-12-13
801230,综合,600881,亚泰集团,4.6333,2021-12-13
801230,综合,600689,上海三毛,1.3242,2022-08-01
801230,综合,000025,特力A,2.9173,2023-07-06
801230,综合,000421,南京公用,1.5772,2023-07-06
801230,综合,600673,东阳光,45.0492,2023-07-06
801230,综合,600682,南京新百,3.227,2023-07-06
801230,综合,000523,红棉股份,3.0335,2024-07-31
801230,综合,002316,亚联发展,1.4704,2026-07-02
801230,综合,002420,毅昌科技,1.9268,2026-07-02
801230,综合,002575,群兴玩具,3.0556,2026-07-02
801230,综合,600458,时代新材,5.387,2026-07-02
801230,综合,600807,济高发展,1.3836,2026-07-02
801230,综合,000632,ST三木,1.5756,2021-12-13
801710,建筑材料,000055,方大集团,0.4634,2021-12-13
801710,建筑材料,000401,金隅冀东,0.7816,2021-12-13
801710,建筑材料,000619,海螺新材,0.2901,2021-12-13
801710,建筑材料,000672,上峰材料,1.4102,2021-12-13
801710,建筑材料,000786,北新建材,3.6598,2021-12-13
801710,建筑材料,000789,万年青,0.4024,2021-12-13
801710,建筑材料,000877,天山股份,0.9036,2021-12-13
801710,建筑材料,001212,中旗新材,0.6567,2021-12-13
801710,建筑材料,002043,兔宝宝,1.3761,2021-12-13
801710,建筑材料,002066,瑞泰科技,0.7159,2021-12-13
801710,建筑材料,002080,中材科技,7.5182,2021-12-13
801710,建筑材料,002088,鲁阳节能,0.3386,2021-12-13
801710,建筑材料,002201,九鼎新材,0.7836,2021-12-13
801710,建筑材料,002225,濮耐股份,0.5632,2021-12-13
801710,建筑材料,002233,塔牌集团,1.1465,2021-12-13
801710,建筑材料,002271,东方雨虹,4.7942,2021-12-13
801710,建筑材料,002302,西部建设,0.5231,2021-12-13
801710,建筑材料,002333,罗普斯金,0.2781,2021-12-13
801710,建筑材料,002372,伟星新材,1.2585,2021-12-13
801710,建筑材料,002392,北京利尔,1.6423,2021-12-13
801710,建筑材料,002398,垒知集团,0.5453,2021-12-13
801710,建筑材料,002457,青龙管业,0.708,2021-12-13
801710,建筑材料,002596,海南瑞泽,0.6593,2021-12-13
801710,建筑材料,002613,北玻股份,0.484,2021-12-13
801710,建筑材料,002641,公元股份,0.4068,2021-12-13
801710,建筑材料,002652,扬子新材,0.3123,2021-12-13
801710,建筑材料,002671,龙泉股份,0.315,2021-12-13
801710,建筑材料,002694,*ST顾地,0.2593,2021-12-13
801710,建筑材料,002718,友邦吊顶,0.6848,2021-12-13
801710,建筑材料,002785,万里石,1.3428,2021-12-13
801710,建筑材料,002791,坚朗五金,0.5858,2021-12-13
801710,建筑材料,300196,长海股份,0.7168,2021-12-13
801710,建筑材料,300198,*ST纳川,0.4058,2021-12-13
801710,建筑材料,300234,开尔新材,0.6965,2021-12-13
801710,建筑材料,300374,中铁装配,0.3189,2021-12-13
801710,建筑材料,300599,雄塑科技,0.448,2021-12-13
801710,建筑材料,300715,凯伦股份,0.6185,2021-12-13
801710,建筑材料,300737,科顺股份,0.6515,2021-12-13
801710,建筑材料,301010,晶雪节能,0.1532,2021-12-13
801710,建筑材料,600176,中国巨石,19.8026,2021-12-13
801710,建筑材料,600293,三峡新材,0.541,2021-12-13
801710,建筑材料,600326,西藏天路,1.8054,2021-12-13
801710,建筑材料,600425,青松建化,0.8568,2021-12-13
801710,建筑材料,600449,宁夏建材,0.7345,2021-12-13
801710,建筑材料,600585,海螺水泥,8.5557,2021-12-13
801710,建筑材料,600586,金晶科技,0.9503,2021-12-13
801710,建筑材料,600678,ST金顶,0.4164,2021-12-13
801710,建筑材料,600801,华新建材,3.1922,2021-12-13
801710,建筑材料,600802,福建水泥,0.3919,2021-12-13
801710,建筑材料,600819,耀皮玻璃,0.4827,2021-12-13
801710,建筑材料,600876,凯盛新能,0.251,2021-12-13
801710,建筑材料,601636,旗滨集团,2.1886,2021-12-13
801710,建筑材料,601992,金隅集团,0.7211,2021-12-13
801710,建筑材料,603038,华立股份,0.6043,2021-12-13
801710,建筑材料,603256,宏和科技,5.0442,2021-12-13
801710,建筑材料,603378,*ST亚士,0.3905,2021-12-13
801710,建筑材料,603601,再升科技,1.3567,2021-12-13
801710,建筑材料,603616,韩建河山,0.3485,2021-12-13
801710,建筑材料,603737,三棵树,1.705,2021-12-13
801710,建筑材料,603856,东宏股份,0.3129,2021-12-13
801710,建筑材料,605006,山东玻纤,0.7905,2021-12-13
801710,建筑材料,605122,四方新材,0.1605,2021-12-13
801710,建筑材料,605318,法狮龙,0.6639,2021-12-13
801710,建筑材料,688119,中钢洛耐,0.4562,2022-06-06
801710,建筑材料,002247,聚力文化,0.2589,2022-08-01
801710,建筑材料,003037,三和管桩,0.2481,2022-08-01
801710,建筑材料,600668,尖峰集团,0.6209,2022-08-01
801710,建筑材料,301429,森泰股份,0.148,2023-04-17
801710,建筑材料,002205,国统股份,0.3439,2023-07-06
801710,建筑材料,301526,国际复材,4.0077,2023-12-26
801710,建筑材料,601112,振石股份,0.6778,2026-01-29
801710,建筑材料,000012,南玻A,1.149,2021-12-13
801720,建筑装饰,000065,北方国际,0.7625,2021-12-13
801720,建筑装饰,000498,山东路桥,0.3945,2021-12-13
801720,建筑装饰,000628,高新发展,1.365,2021-12-13
801720,建筑装饰,000779,甘咨询,0.3967,2021-12-13
801720,建筑装饰,000928,中钢国际,0.4871,2021-12-13
801720,建筑装饰,002047,宝鹰股份,0.5134,2021-12-13
801720,建筑装饰,002051,中工国际,0.5964,2021-12-13
801720,建筑装饰,002061,浙江交科,0.5621,2021-12-13
801720,建筑装饰,002062,宏润建设,0.9397,2021-12-13
801720,建筑装饰,002081,金螳螂,1.0961,2021-12-13
801720,建筑装饰,002116,中国海诚,0.2637,2021-12-13
801720,建筑装饰,002135,东南网架,0.5999,2021-12-13
801720,建筑装饰,002140,东华科技,0.3281,2021-12-13
801720,建筑装饰,002200,交投生态,0.1506,2021-12-13
801720,建筑装饰,002307,北新路桥,0.5073,2021-12-13
801720,建筑装饰,002375,亚厦股份,0.3774,2021-12-13
801720,建筑装饰,002431,ST棕榈,0.2366,2021-12-13
801720,建筑装饰,002469,三维化学,0.4771,2021-12-13
801720,建筑装饰,002482,广田集团,0.4447,2021-12-13
801720,建筑装饰,002541,鸿路钢构,1.1095,2021-12-13
801720,建筑装饰,002542,*ST中岩,0.2617,2021-12-13
801720,建筑装饰,002586,围海股份,0.3791,2021-12-13
801720,建筑装饰,002593,日上集团,0.2889,2021-12-13
801720,建筑装饰,002620,*ST瑞和,0.2082,2021-12-13
801720,建筑装饰,002628,成都路桥,0.5223,2021-12-13
801720,建筑装饰,002663,普邦股份,0.2873,2021-12-13
801720,建筑装饰,002713,东易日盛,0.4028,2021-12-13
801720,建筑装饰,002717,*ST岭南,0.2407,2021-12-13
801720,建筑装饰,002743,富煌钢构,0.2255,2021-12-13
801720,建筑装饰,002761,浙江建投,0.6621,2021-12-13
801720,建筑装饰,002775,文科股份,0.1696,2021-12-13
801720,建筑装饰,002789,*ST建艺,0.1451,2021-12-13
801720,建筑装饰,002811,郑中设计,0.317,2021-12-13
801720,建筑装饰,002822,ST中装,0.4036,2021-12-13
801720,建筑装饰,002830,名雕股份,0.145,2021-12-13
801720,建筑装饰,002856,*ST美芝,0.2151,2021-12-13
801720,建筑装饰,002883,*ST中设,0.1363,2021-12-13
801720,建筑装饰,002941,新疆交建,0.7584,2021-12-13
801720,建筑装饰,002949,华阳国际,0.1862,2021-12-13
801720,建筑装饰,002963,豪尔赛,0.2171,2021-12-13
801720,建筑装饰,002989,中天精装,0.358,2021-12-13
801720,建筑装饰,003001,中岩大地,0.2182,2021-12-13
801720,建筑装饰,003013,地铁设计,0.1908,2021-12-13
801720,建筑装饰,300197,节能铁汉,0.4434,2021-12-13
801720,建筑装饰,300284,苏交科,0.5478,2021-12-13
801720,建筑装饰,300355,蒙草生态,0.5344,2021-12-13
801720,建筑装饰,300384,三联虹普,0.2768,2021-12-13
801720,建筑装饰,300500,启迪设计,0.1358,2021-12-13
801720,建筑装饰,300506,名家汇,0.4517,2021-12-13
801720,建筑装饰,300517,海波重科,0.1737,2021-12-13
801720,建筑装饰,300564,筑博设计,0.1208,2021-12-13
801720,建筑装饰,300621,维业股份,0.1181,2021-12-13
801720,建筑装饰,300635,中达安,0.2037,2021-12-13
801720,建筑装饰,300649,杭州园林,0.3224,2021-12-13
801720,建筑装饰,300668,杰恩股份,0.2484,2021-12-13
801720,建筑装饰,300675,建科院,0.1552,2021-12-13
801720,建筑装饰,300712,永福股份,0.2765,2021-12-13
801720,建筑装饰,300732,设研院,0.1605,2021-12-13
801720,建筑装饰,300746,汉嘉数智,0.1964,2021-12-13
801720,建筑装饰,300778,新城市,0.1525,2021-12-13
801720,建筑装饰,300826,测绘股份,0.2966,2021-12-13
801720,建筑装饰,300844,山水比德,0.0994,2021-12-13
801720,建筑装饰,300948,冠中生态,0.2195,2021-12-13
801720,建筑装饰,300949,奥雅股份,0.0908,2021-12-13
801720,建筑装饰,300977,深圳瑞捷,0.1133,2021-12-13
801720,建筑装饰,300982,苏文电能,0.191,2021-12-13
801720,建筑装饰,300983,尤安设计,0.2646,2021-12-13
801720,建筑装饰,300989,蕾奥规划,0.3206,2021-12-13
801720,建筑装饰,301024,霍普股份,0.0992,2021-12-13
801720,建筑装饰,301027,华蓝集团,0.3532,2021-12-13
801720,建筑装饰,301038,深水规院,0.1656,2021-12-13
801720,建筑装饰,301046,能辉科技,0.3455,2021-12-13
801720,建筑装饰,301058,中粮科工,0.3414,2021-12-13
801720,建筑装饰,301091,深城交,0.6191,2021-12-13
801720,建筑装饰,301098,金埔园林,0.2541,2021-12-13
801720,建筑装饰,301167,建研设计,0.1579,2021-12-13
801720,建筑装饰,600039,四川路桥,2.1967,2021-12-13
801720,建筑装饰,600170,上海建工,1.7763,2021-12-13
801720,建筑装饰,600248,陕建股份,0.4206,2021-12-13
801720,建筑装饰,600284,浦东建设,0.5029,2021-12-13
801720,建筑装饰,600477,杭萧钢构,0.568,2021-12-13
801720,建筑装饰,600491,ST龙元,0.262,2021-12-13
801720,建筑装饰,600496,精工钢构,0.7176,2021-12-13
801720,建筑装饰,600512,腾达建设,0.4187,2021-12-13
801720,建筑装饰,600629,华建集团,1.6238,2021-12-13
801720,建筑装饰,600820,隧道股份,1.6393,2021-12-13
801720,建筑装饰,600853,龙建股份,0.3012,2021-12-13
801720,建筑装饰,600939,重庆建工,0.1634,2021-12-13
801720,建筑装饰,600970,中材国际,1.3207,2021-12-13
801720,建筑装饰,601068,中铝国际,0.2142,2021-12-13
801720,建筑装饰,601117,中国化学,3.615,2021-12-13
801720,建筑装饰,601186,中国铁建,4.429,2021-12-13
801720,建筑装饰,601226,华电科工,0.4425,2021-12-13
801720,建筑装饰,601390,中国中铁,5.3093,2021-12-13
801720,建筑装饰,601611,中国核建,1.4538,2021-12-13
801720,建筑装饰,601618,中国中冶,2.6107,2021-12-13
801720,建筑装饰,601668,中国建筑,6.6256,2021-12-13
801720,建筑装饰,601669,中国电建,5.1254,2021-12-13
801720,建筑装饰,601789,宁波建工,0.5476,2021-12-13
801720,建筑装饰,601800,中国交建,2.2308,2021-12-13
801720,建筑装饰,601868,中国能建,4.7063,2021-12-13
801720,建筑装饰,601886,江河集团,0.7621,2021-12-13
801720,建筑装饰,603017,中衡设计,0.2453,2021-12-13
801720,建筑装饰,603018,华设集团,0.6921,2021-12-13
801720,建筑装饰,603030,全筑股份,0.2804,2021-12-13
801720,建筑装饰,603098,森特股份,0.3142,2021-12-13
801720,建筑装饰,603357,设计总院,0.2866,2021-12-13
801720,建筑装饰,603359,*ST东珠,0.0917,2021-12-13
801720,建筑装饰,603458,勘设股份,0.4397,2021-12-13
801720,建筑装饰,603637,镇海股份,0.4392,2021-12-13
801720,建筑装饰,603815,交建股份,0.2593,2021-12-13
801720,建筑装饰,603828,*ST利达,0.2399,2021-12-13
801720,建筑装饰,603843,*ST正平,0.5633,2021-12-13
801720,建筑装饰,603860,中公高科,0.1516,2021-12-13
801720,建筑装饰,603909,建发合诚,0.2334,2021-12-13
801720,建筑装饰,603929,亚翔集成,2.0305,2021-12-13
801720,建筑装饰,603955,大千生态,0.2576,2021-12-13
801720,建筑装饰,603959,ST百利,0.2471,2021-12-13
801720,建筑装饰,605167,利柏特,0.3914,2021-12-13
801720,建筑装饰,605287,德才股份,0.4325,2021-12-13
801720,建筑装饰,605289,罗曼股份,1.2442,2021-12-13
801720,建筑装饰,605303,园林股份,0.2675,2021-12-13
801720,建筑装饰,605598,上海港湾,0.3269,2021-12-13
801720,建筑装饰,603176,汇通集团,0.1268,2021-12-31
801720,建筑装饰,301136,招标股份,0.2055,2022-01-11
801720,建筑装饰,300986,志特新材,0.6199,2022-07-28
801720,建筑装饰,000032,深桑达A,1.3754,2022-08-01
801720,建筑装饰,002163,海南发展,0.8052,2022-08-01
801720,建筑装饰,002323,*ST雅博,0.3093,2022-08-01
801720,建筑装饰,600502,安徽建工,0.6792,2022-08-01
801720,建筑装饰,600667,太极实业,3.7522,2022-08-01
801720,建筑装饰,605178,时空科技,0.5901,2022-08-01
801720,建筑装饰,603163,圣晖集成,0.3312,2022-10-13
801720,建筑装饰,301365,矩阵股份,0.3113,2022-11-22
801720,建筑装饰,603153,上海建科,0.1884,2023-03-13
801720,建筑装饰,601133,柏诚股份,0.5609,2023-04-10
801720,建筑装饰,603137,恒尚节能,0.2664,2023-04-19
801720,建筑装饰,600234,科新发展,0.4885,2023-07-06
801720,建筑装饰,600846,同济科技,0.512,2023-07-06
801720,建筑装饰,301505,苏州规划,0.2158,2023-07-19
801720,建筑装饰,601096,宏盛华源,0.4596,2023-12-22
801720,建筑装饰,600720,中交设计,0.4471,2024-01-22
801720,建筑装饰,301390,经纬股份,0.1582,2024-07-31
801720,建筑装饰,603257,中国瑞林,0.2839,2025-04-08
801720,建筑装饰,001396,誉帆科技,0.1179,2025-12-30
801720,建筑装饰,002060,广东建工,0.5616,2026-07-02
801720,建筑装饰,000010,*ST美丽,0.211,2021-12-13
801730,电力设备,000049,德赛电池,0.1218,2021-12-13
801730,电力设备,000400,许继电气,0.3385,2021-12-13
801730,电力设备,000533,顺钠股份,0.1286,2021-12-13
801730,电力设备,000682,东方电子,0.2183,2021-12-13
801730,电力设备,000922,佳电股份,0.1364,2021-12-13
801730,电力设备,001208,华菱线缆,0.1079,2021-12-13
801730,电力设备,002028,思源电气,1.8875,2021-12-13
801730,电力设备,002074,国轩高科,0.6682,2021-12-13
801730,电力设备,002090,金智科技,0.073,2021-12-13
801730,电力设备,002112,三变科技,0.0823,2021-12-13
801730,电力设备,002121,科陆电子,0.1167,2021-12-13
801730,电力设备,002129,TCL中环,0.6298,2021-12-13
801730,电力设备,002169,智光电气,0.1833,2021-12-13
801730,电力设备,002196,方正电机,0.1171,2021-12-13
801730,电力设备,002202,金风科技,1.0891,2021-12-13
801730,电力设备,002245,蔚蓝锂芯,0.5876,2021-12-13
801730,电力设备,002249,大洋电机,0.269,2021-12-13
801730,电力设备,002255,海陆重工,0.1203,2021-12-13
801730,电力设备,002270,华明装备,0.2433,2021-12-13
801730,电力设备,002276,万马股份,0.1956,2021-12-13
801730,电力设备,002300,太阳电缆,0.0736,2021-12-13
801730,电力设备,002335,科华数据,0.3723,2021-12-13
801730,电力设备,002339,积成电子,0.0753,2021-12-13
801730,电力设备,002340,格林美,0.7395,2021-12-13
801730,电力设备,002350,北京科锐,0.1164,2021-12-13
801730,电力设备,002358,森源电气,0.0925,2021-12-13
801730,电力设备,002364,中恒电气,0.2782,2021-12-13
801730,电力设备,002366,融发核电,0.1859,2021-12-13
801730,电力设备,002441,众业达,0.0433,2021-12-13
801730,电力设备,002451,摩恩电气,0.0528,2021-12-13
801730,电力设备,002452,长高电气,0.1459,2021-12-13
801730,电力设备,002459,晶澳科技,0.2893,2021-12-13
801730,电力设备,002471,中超控股,0.1627,2021-12-13
801730,电力设备,002487,大金重工,0.3157,2021-12-13
801730,电力设备,002498,汉缆股份,0.1848,2021-12-13
801730,电力设备,002506,协鑫集成,0.2736,2021-12-13
801730,电力设备,002518,科士达,0.211,2021-12-13
801730,电力设备,002531,天顺风能,0.1394,2021-12-13
801730,电力设备,002533,金杯电工,0.1342,2021-12-13
801730,电力设备,002534,西子洁能,0.1118,2021-12-13
801730,电力设备,002546,新联电子,0.0986,2021-12-13
801730,电力设备,002560,通达股份,0.0892,2021-12-13
801730,电力设备,002576,通达动力,0.0424,2021-12-13
801730,电力设备,002580,圣阳股份,0.198,2021-12-13
801730,电力设备,002606,大连电瓷,0.0988,2021-12-13
801730,电力设备,002623,亚玛顿,0.0387,2021-12-13
801730,电力设备,002630,*ST华西,0.0435,2021-12-13
801730,电力设备,002692,远程股份,0.0503,2021-12-13
801730,电力设备,002706,良信股份,0.1995,2021-12-13
801730,电力设备,002709,天赐材料,1.1069,2021-12-13
801730,电力设备,002733,雄韬股份,0.105,2021-12-13
801730,电力设备,002759,ST天际,0.1625,2021-12-13
801730,电力设备,002801,微光股份,0.0479,2021-12-13
801730,电力设备,002812,恩捷股份,0.6714,2021-12-13
801730,电力设备,002823,凯中精密,0.0595,2021-12-13
801730,电力设备,002850,科达利,0.7976,2021-12-13
801730,电力设备,002851,麦格米特,1.3134,2021-12-13
801730,电力设备,002857,三晖电气,0.0424,2021-12-13
801730,电力设备,002879,长缆科技,0.0506,2021-12-13
801730,电力设备,002882,金龙羽,0.0701,2021-12-13
801730,电力设备,002892,科力尔,0.0899,2021-12-13
801730,电力设备,002927,泰永长征,0.0467,2021-12-13
801730,电力设备,002953,日丰股份,0.0369,2021-12-13
801730,电力设备,002980,华盛昌,0.1961,2021-12-13
801730,电力设备,003021,兆威机电,0.1629,2021-12-13
801730,电力设备,003022,联泓新科,0.1678,2021-12-13
801730,电力设备,300001,特锐德,0.5473,2021-12-13
801730,电力设备,300014,亿纬锂能,1.8072,2021-12-13
801730,电力设备,300018,中元股份,0.0934,2021-12-13
801730,电力设备,300035,中科电气,0.1578,2021-12-13
801730,电力设备,300037,新宙邦,0.7351,2021-12-13
801730,电力设备,300062,中能电气,0.0519,2021-12-13
801730,电力设备,300068,ST南都,0.0723,2021-12-13
801730,电力设备,300069,金利华电,0.0424,2021-12-13
801730,电力设备,300073,当升科技,0.3548,2021-12-13
801730,电力设备,300118,东方日升,0.2032,2021-12-13
801730,电力设备,300129,泰胜风能,0.1259,2021-12-13
801730,电力设备,300141,和顺电气,0.0309,2021-12-13
801730,电力设备,300153,科泰电源,0.1132,2021-12-13
801730,电力设备,300185,通裕重工,0.2005,2021-12-13
801730,电力设备,300207,欣旺达,0.4893,2021-12-13
801730,电力设备,300222,科大智能,0.1512,2021-12-13
801730,电力设备,300265,通光线缆,0.086,2021-12-13
801730,电力设备,300274,阳光电源,3.1708,2021-12-13
801730,电力设备,300283,温州宏丰,0.1047,2021-12-13
801730,电力设备,300286,安科瑞,0.0735,2021-12-13
801730,电力设备,300316,晶盛机电,0.6203,2021-12-13
801730,电力设备,300340,科恒股份,0.0398,2021-12-13
801730,电力设备,300360,炬华科技,0.0947,2021-12-13
801730,电力设备,300376,易事特,0.1158,2021-12-13
801730,电力设备,300393,中来股份,0.1166,2021-12-13
801730,电力设备,300407,凯发电气,0.0625,2021-12-13
801730,电力设备,300409,道氏技术,0.1701,2021-12-13
801730,电力设备,300423,昇辉科技,0.0379,2021-12-13
801730,电力设备,300427,红相股份,0.0696,2021-12-13
801730,电力设备,300438,鹏辉能源,0.4506,2021-12-13
801730,电力设备,300443,金雷股份,0.1007,2021-12-13
801730,电力设备,300444,双杰电气,0.1257,2021-12-13
801730,电力设备,300450,先导智能,0.8412,2021-12-13
801730,电力设备,300457,赢合科技,0.2008,2021-12-13
801730,电力设备,300491,通合科技,0.1034,2021-12-13
801730,电力设备,300510,金冠股份,0.0472,2021-12-13
801730,电力设备,300514,友讯达,0.0289,2021-12-13
801730,电力设备,300568,星源材质,0.399,2021-12-13
801730,电力设备,300569,天能重工,0.0925,2021-12-13
801730,电力设备,300593,新雷能,0.3382,2021-12-13
801730,电力设备,300619,金银河,0.1181,2021-12-13
801730,电力设备,300626,华瑞股份,0.0687,2021-12-13
801730,电力设备,300648,星云股份,0.1051,2021-12-13
801730,电力设备,300660,江苏雷利,0.1322,2021-12-13
801730,电力设备,300670,大烨智能,0.0312,2021-12-13
801730,电力设备,300690,双一科技,0.0449,2021-12-13
801730,电力设备,300693,盛弘股份,0.2401,2021-12-13
801730,电力设备,300713,英可瑞,0.0206,2021-12-13
801730,电力设备,300724,捷佳伟创,0.345,2021-12-13
801730,电力设备,300750,宁德时代,23.8033,2021-12-13
801730,电力设备,300751,迈为股份,0.6711,2021-12-13
801730,电力设备,300763,锦浪科技,0.313,2021-12-13
801730,电力设备,300769,德方纳米,0.2048,2021-12-13
801730,电力设备,300772,运达股份,0.0949,2021-12-13
801730,电力设备,300776,帝尔激光,0.3517,2021-12-13
801730,电力设备,300820,英杰电气,0.1052,2021-12-13
801730,电力设备,300827,上能电气,0.1896,2021-12-13
801730,电力设备,300842,帝科股份,0.1633,2021-12-13
801730,电力设备,300850,新强联,0.1258,2021-12-13
801730,电力设备,300870,欧陆通,0.3661,2021-12-13
801730,电力设备,300880,迦南智能,0.0457,2021-12-13
801730,电力设备,300882,万胜智能,0.0307,2021-12-13
801730,电力设备,300890,翔丰华,0.0642,2021-12-13
801730,电力设备,300907,康平科技,0.0466,2021-12-13
801730,电力设备,300919,中伟新材,0.3757,2021-12-13
801730,电力设备,300932,三友联众,0.0569,2021-12-13
801730,电力设备,300933,中辰股份,0.0393,2021-12-13
801730,电力设备,301002,崧盛股份,0.0366,2021-12-13
801730,电力设备,301012,扬电科技,0.073,2021-12-13
801730,电力设备,301023,奕帆传动,0.033,2021-12-13
801730,电力设备,301040,中环海陆,0.044,2021-12-13
801730,电力设备,301082,久盛电气,0.0358,2021-12-13
801730,电力设备,301155,海力风电,0.0762,2021-12-13
801730,电力设备,301179,泽宇智能,0.0609,2021-12-13
801730,电力设备,600089,特变电工,1.966,2021-12-13
801730,电力设备,600152,维科技术,0.0709,2021-12-13
801730,电力设备,600192,长城电工,0.0488,2021-12-13
801730,电力设备,600207,安彩高科,0.0492,2021-12-13
801730,电力设备,600268,国电南自,0.1248,2021-12-13
801730,电力设备,600312,平高电气,0.3934,2021-12-13
801730,电力设备,600379,宝光股份,0.065,2021-12-13
801730,电力设备,600405,动力源,0.0695,2021-12-13
801730,电力设备,600406,国电南瑞,1.9387,2021-12-13
801730,电力设备,600438,通威股份,0.7061,2021-12-13
801730,电力设备,600468,百利电气,0.0759,2021-12-13
801730,电力设备,600478,科力远,0.1453,2021-12-13
801730,电力设备,600525,长园集团,0.1179,2021-12-13
801730,电力设备,600537,*ST亿晶,0.0558,2021-12-13
801730,电力设备,600550,保变电气,0.2274,2021-12-13
801730,电力设备,600577,精达股份,0.3663,2021-12-13
801730,电力设备,600580,卧龙电驱,0.5726,2021-12-13
801730,电力设备,600732,爱旭股份,0.4124,2021-12-13
801730,电力设备,600847,万里股份,0.0188,2021-12-13
801730,电力设备,600869,远东股份,0.6141,2021-12-13
801730,电力设备,600875,东方电气,0.6517,2021-12-13
801730,电力设备,600884,杉杉股份,0.4954,2021-12-13
801730,电力设备,600885,宏发股份,1.0314,2021-12-13
801730,电力设备,600973,宝胜股份,0.126,2021-12-13
801730,电力设备,601126,四方股份,0.4608,2021-12-13
801730,电力设备,601179,中国西电,0.7419,2021-12-13
801730,电力设备,601218,吉鑫科技,0.0852,2021-12-13
801730,电力设备,601311,骆驼股份,0.1348,2021-12-13
801730,电力设备,601615,明阳智能,0.3598,2021-12-13
801730,电力设备,601616,广电电气,0.0545,2021-12-13
801730,电力设备,601700,风范股份,0.1081,2021-12-13
801730,电力设备,601727,上海电气,0.8395,2021-12-13
801730,电力设备,601865,福莱特,0.1982,2021-12-13
801730,电力设备,601877,正泰电器,0.6566,2021-12-13
801730,电力设备,603016,新宏泰,0.0553,2021-12-13
801730,电力设备,603026,石大胜华,0.2381,2021-12-13
801730,电力设备,603050,科林电气,0.0703,2021-12-13
801730,电力设备,603063,禾望电气,0.2951,2021-12-13
801730,电力设备,603212,赛伍技术,0.0765,2021-12-13
801730,电力设备,603218,日月股份,0.0973,2021-12-13
801730,电力设备,603320,迪贝电气,0.0185,2021-12-13
801730,电力设备,603333,福华尚纬,0.0863,2021-12-13
801730,电力设备,603396,金辰股份,0.0591,2021-12-13
801730,电力设备,603489,八方股份,0.0445,2021-12-13
801730,电力设备,603507,振江股份,0.0994,2021-12-13
801730,电力设备,603530,神马电力,0.1063,2021-12-13
801730,电力设备,603556,海兴电力,0.1005,2021-12-13
801730,电力设备,603577,汇金通,0.0339,2021-12-13
801730,电力设备,603606,东方电缆,0.4193,2021-12-13
801730,电力设备,603618,杭电股份,0.3269,2021-12-13
801730,电力设备,603628,清源股份,0.0332,2021-12-13
801730,电力设备,603659,璞泰来,0.5678,2021-12-13
801730,电力设备,603728,鸣志电器,0.1987,2021-12-13
801730,电力设备,603806,福斯特,0.3618,2021-12-13
801730,电力设备,603819,神力股份,0.0465,2021-12-13
801730,电力设备,603829,洛凯股份,0.0315,2021-12-13
801730,电力设备,603861,白云电器,0.0399,2021-12-13
801730,电力设备,603897,长城科技,0.0642,2021-12-13
801730,电力设备,603988,中电电机,0.054,2021-12-13
801730,电力设备,605066,天正电气,0.0525,2021-12-13
801730,电力设备,605196,华通线缆,0.2782,2021-12-13
801730,电力设备,605222,起帆电缆,0.0659,2021-12-13
801730,电力设备,605378,野马电池,0.0263,2021-12-13
801730,电力设备,688005,容百科技,0.2868,2021-12-13
801730,电力设备,688006,杭可科技,0.0889,2021-12-13
801730,电力设备,688063,派能科技,0.1927,2021-12-13
801730,电力设备,688116,天奈科技,0.2644,2021-12-13
801730,电力设备,688148,芳源股份,0.0618,2021-12-13
801730,电力设备,688155,先惠技术,0.0772,2021-12-13
801730,电力设备,688191,智洋创新,0.0836,2021-12-13
801730,电力设备,688226,威腾电气,0.0712,2021-12-13
801730,电力设备,688248,南网科技,0.1142,2021-12-13
801730,电力设备,688303,大全能源,0.2275,2021-12-13
801730,电力设备,688330,宏力达,0.0664,2021-12-13
801730,电力设备,688339,亿华通-U,0.0704,2021-12-13
801730,电力设备,688345,博力威,0.0394,2021-12-13
801730,电力设备,688390,固德威,0.2451,2021-12-13
801730,电力设备,688408,中信博,0.0778,2021-12-13
801730,电力设备,688499,利元亨,0.0897,2021-12-13
801730,电力设备,688516,奥特维,0.1811,2021-12-13
801730,电力设备,688517,金冠电气,0.0327,2021-12-13
801730,电力设备,688551,科威尔,0.0534,2021-12-13
801730,电力设备,688556,高测股份,0.1323,2021-12-13
801730,电力设备,688560,明冠新材,0.0365,2021-12-13
801730,电力设备,688567,孚能科技,0.146,2021-12-13
801730,电力设备,688597,煜邦电力,0.0315,2021-12-13
801730,电力设备,688599,天合光能,0.3914,2021-12-13
801730,电力设备,688611,杭州柯林,0.1024,2021-12-13
801730,电力设备,688616,西力科技,0.0231,2021-12-13
801730,电力设备,688660,电气风电,0.1128,2021-12-13
801730,电力设备,688676,金盘科技,0.4107,2021-12-13
801730,电力设备,688680,海优新材,0.0423,2021-12-13
801730,电力设备,688681,科汇股份,0.0264,2021-12-13
801730,电力设备,688707,振华新材,0.0853,2021-12-13
801730,电力设备,688733,壹石通,0.1014,2021-12-13
801730,电力设备,688772,珠海冠宇,0.2449,2021-12-13
801730,电力设备,688778,厦钨新能,0.1955,2021-12-13
801730,电力设备,688779,五矿新能,0.2067,2021-12-13
801730,电力设备,688819,天能股份,0.0669,2021-12-13
801730,电力设备,688032,禾迈股份,0.0806,2021-12-20
801730,电力设备,688223,晶科能源,0.3321,2022-01-26
801730,电力设备,301222,浙江恒威,0.0225,2022-03-09
801730,电力设备,603070,万控智造,0.0296,2022-03-10
801730,电力设备,301226,祥明智能,0.0398,2022-03-25
801730,电力设备,301120,新特电气,0.0624,2022-04-19
801730,电力设备,603191,望变电气,0.0777,2022-04-28
801730,电力设备,603097,江苏华辰,0.0324,2022-05-12
801730,电力设备,301266,宇邦新材,0.0375,2022-06-08
801730,电力设备,688348,昱能科技,0.0449,2022-06-08
801730,电力设备,301238,瑞泰新材,0.0819,2022-06-17
801730,电力设备,688349,三一重能,0.1089,2022-06-22
801730,电力设备,688353,华盛锂电,0.1392,2022-07-13
801730,电力设备,000720,新能泰山,0.0703,2022-08-01
801730,电力设备,000821,ST京机,0.0854,2022-08-01
801730,电力设备,002125,湘潭电化,0.1123,2022-08-01
801730,电力设备,002227,*ST特迅,0.0186,2022-08-01
801730,电力设备,002309,中利集团,0.1613,2022-08-01
801730,电力设备,002346,柘中股份,0.0789,2022-08-01
801730,电力设备,002805,丰元股份,0.0852,2022-08-01
801730,电力设备,002865,钧达股份,0.1486,2022-08-01
801730,电力设备,300173,ST福能,0.0481,2022-08-01
801730,电力设备,300410,正业科技,0.0558,2022-08-01
801730,电力设备,300853,申昊科技,0.0402,2022-08-01
801730,电力设备,300953,震裕科技,0.2923,2022-08-01
801730,电力设备,301150,中一科技,0.1428,2022-08-01
801730,电力设备,301163,宏德股份,0.0217,2022-08-01
801730,电力设备,600110,诺德股份,0.3288,2022-08-01
801730,电力设备,600241,时代万恒,0.0249,2022-08-01
801730,电力设备,600482,中国动力,0.6811,2022-08-01
801730,电力设备,601012,隆基绿能,1.4693,2022-08-01
801730,电力设备,601567,三星电气,0.2249,2022-08-01
801730,电力设备,603985,恒润股份,0.1286,2022-08-01
801730,电力设备,688388,嘉元科技,0.3556,2022-08-01
801730,电力设备,688663,新风光,0.1507,2022-08-01
801730,电力设备,301121,紫建电子,0.041,2022-08-08
801730,电力设备,301152,天力锂能,0.0359,2022-08-29
801730,电力设备,001283,豪鹏科技,0.1271,2022-09-05
801730,电力设备,301349,信德新材,0.0623,2022-09-09
801730,电力设备,301327,华宝新能,0.0522,2022-09-19
801730,电力设备,688392,骄成超声,0.3087,2022-09-27
801730,电力设备,688275,万润新能,0.1511,2022-09-29
801730,电力设备,001269,欧晶科技,0.0287,2022-09-30
801730,电力设备,301388,欣灵电气,0.0186,2022-11-09
801730,电力设备,301361,众智科技,0.0202,2022-11-16
801730,电力设备,688147,微导纳米,0.4119,2022-12-23
801730,电力设备,001301,尚太科技,0.3178,2022-12-28
801730,电力设备,301358,湖南裕能,0.7325,2023-02-09
801730,电力设备,301157,华塑科技,0.0251,2023-03-13
801730,电力设备,301439,泓淋电力,0.0428,2023-03-17
801730,电力设备,301386,未来电器,0.0228,2023-03-28
801730,电力设备,301325,曼恩斯特,0.0433,2023-05-12
801730,电力设备,688472,阿特斯,0.2975,2023-06-09
801730,电力设备,301232,飞沃科技,0.1495,2023-06-15
801730,电力设备,301295,美硕科技,0.0278,2023-06-28
801730,电力设备,688429,时创能源,0.022,2023-06-29
801730,电力设备,301210,金杨精密,0.0382,2023-06-30
801730,电力设备,301291,明阳电气,0.1356,2023-06-30
801730,电力设备,002056,横店东磁,0.4024,2023-07-06
801730,电力设备,002168,ST惠程,0.0548,2023-07-06
801730,电力设备,300080,易成新能,0.0515,2023-07-06
801730,电力设备,300432,富临精工,0.3392,2023-07-06
801730,电力设备,300477,ST合纵,0.0463,2023-07-06
801730,电力设备,300490,华自科技,0.0851,2023-07-06
801730,电力设备,301217,铜冠铜箔,0.5808,2023-07-06
801730,电力设备,600212,绿能慧充,0.0729,2023-07-06
801730,电力设备,600481,双良节能,0.1051,2023-07-06
801730,电力设备,603031,安孚科技,0.2256,2023-07-06
801730,电力设备,603185,弘元绿能,0.138,2023-07-06
801730,电力设备,603398,*ST沐邦,0.0734,2023-07-06
801730,电力设备,605117,德业股份,1.0995,2023-07-06
801730,电力设备,688184,ST帕瓦,0.0224,2023-07-06
801730,电力设备,688503,聚和材料,0.3133,2023-07-06
801730,电力设备,301292,海科新源,0.1312,2023-07-07
801730,电力设备,688638,誉辰智能,0.0211,2023-07-12
801730,电力设备,301456,盘古智能,0.0297,2023-07-14
801730,电力设备,300904,威力传动,0.0222,2023-08-09
801730,电力设备,301487,盟固利,0.1114,2023-08-09
801730,电力设备,301511,德福科技,0.6882,2023-08-17
801730,电力设备,688573,信宇人,0.0221,2023-08-17
801730,电力设备,300390,天华新能,0.7984,2023-09-19
801730,电力设备,603906,龙蟠科技,0.152,2023-09-19
801730,电力设备,603032,德新科技,0.0532,2023-09-21
801730,电力设备,688719,爱科赛博,0.12,2023-09-28
801730,电力设备,301516,中远通,0.0293,2023-12-08
801730,电力设备,688717,艾罗能源,0.1117,2024-01-03
801730,电力设备,603312,西典新能,0.0396,2024-01-11
801730,电力设备,301502,华阳智能,0.0215,2024-02-02
801730,电力设备,603344,星德胜,0.0328,2024-03-20
801730,电力设备,301587,中瑞股份,0.016,2024-04-08
801730,电力设备,300051,琏升科技,0.0548,2024-04-09
801730,电力设备,603381,永臻股份,0.039,2024-06-26
801730,电力设备,603350,安乃达,0.0231,2024-07-03
801730,电力设备,000159,国际实业,0.0531,2024-07-31
801730,电力设备,000695,滨海能源,0.051,2024-07-31
801730,电力设备,002176,江特电机,0.2972,2024-07-31
801730,电力设备,300093,金刚光伏,0.0952,2024-07-31
801730,电力设备,300345,华民股份,0.0673,2024-07-31
801730,电力设备,300617,安靠智电,0.0844,2024-07-31
801730,电力设备,301168,通灵股份,0.0415,2024-07-31
801730,电力设备,301278,快可电子,0.0302,2024-07-31
801730,电力设备,600072,中船科技,0.156,2024-07-31
801730,电力设备,600416,湘电股份,0.2065,2024-07-31
801730,电力设备,600067,冠城新材,0.0633,2024-08-09
801730,电力设备,688726,拉普拉斯,0.2378,2024-10-29
801730,电力设备,688411,海博思创,0.4482,2025-01-27
801730,电力设备,301557,常友科技,0.0531,2025-03-04
801730,电力设备,001382,新亚电缆,0.0268,2025-03-21
801730,电力设备,301658,首航新能,0.0519,2025-04-02
801730,电力设备,301662,宏工科技,0.0608,2025-04-17
801730,电力设备,688186,广大特材,0.0502,2025-05-13
801730,电力设备,301636,泽润新能,0.0282,2025-05-16
801730,电力设备,301590,优优绿能,0.0459,2025-06-05
801730,电力设备,001388,信通电子,0.0418,2025-07-01
801730,电力设备,301609,山大电力,0.0636,2025-07-23
801730,电力设备,002951,金时科技,0.0269,2025-08-13
801730,电力设备,300716,*ST泉为,0.0399,2025-08-13
801730,电力设备,603370,华新精科,0.0282,2025-09-05
801730,电力设备,301668,昊创瑞通,0.0212,2025-09-26
801730,电力设备,603092,德力佳,0.0362,2025-11-07
801730,电力设备,603248,锡华科技,0.0318,2025-12-23
801730,电力设备,301696,三瑞智能,0.0703,2026-04-10
801730,电力设备,301513,尚水智能,0.0226,2026-04-17
801730,电力设备,301599,理奇智能,0.0441,2026-04-30
801730,电力设备,001393,维通利,0.0505,2026-05-15
801730,电力设备,301669,高特电子,0.054,2026-06-09
801730,电力设备,000809,和展能源,0.0459,2026-07-02
801730,电力设备,002052,同洲电子,0.0933,2026-07-02
801730,电力设备,002058,紫竹高科,0.0315,2026-07-02
801730,电力设备,002079,苏州固锝,0.1377,2026-07-02
801730,电力设备,002150,正泰电源,0.0962,2026-07-02
801730,电力设备,300530,领湃科技,0.0261,2026-07-02
801730,电力设备,301030,*ST仕净,0.0239,2026-07-02
801730,电力设备,600590,泰豪科技,0.1246,2026-07-02
801730,电力设备,601222,林洋能源,0.16,2026-07-02
801730,电力设备,603778,国晟科技,0.1268,2026-07-02
801730,电力设备,688450,光格科技,0.0262,2026-07-02
801730,电力设备,000009,中国宝安,0.2635,2021-12-13
801890,机械设备,000039,中集集团,0.5594,2021-12-13
801890,机械设备,000157,中联重科,0.8614,2021-12-13
801890,机械设备,000410,沈阳机床,0.2137,2021-12-13
801890,机械设备,000425,徐工机械,1.9505,2021-12-13
801890,机械设备,000528,柳工,0.3665,2021-12-13
801890,机械设备,000530,冰山冷热,0.0768,2021-12-13
801890,机械设备,000680,山推股份,0.319,2021-12-13
801890,机械设备,000777,中核科技,0.138,2021-12-13
801890,机械设备,000811,冰轮环境,0.7095,2021-12-13
801890,机械设备,000837,秦川机床,0.1743,2021-12-13
801890,机械设备,000852,石化机械,0.0853,2021-12-13
801890,机械设备,000856,冀东装备,0.0463,2021-12-13
801890,机械设备,000925,众合科技,0.1825,2021-12-13
801890,机械设备,000988,华工科技,2.4513,2021-12-13
801890,机械设备,001288,运机集团,0.0833,2021-12-13
801890,机械设备,001696,宗申动力,0.3844,2021-12-13
801890,机械设备,002006,精工科技,0.167,2021-12-13
801890,机械设备,002008,大族激光,2.2666,2021-12-13
801890,机械设备,002009,天奇股份,0.1596,2021-12-13
801890,机械设备,002021,中捷资源,0.0859,2021-12-13
801890,机械设备,002026,山东威达,0.1069,2021-12-13
801890,机械设备,002031,巨轮智能,0.3062,2021-12-13
801890,机械设备,002073,软控股份,0.1653,2021-12-13
801890,机械设备,002097,山河智能,0.1693,2021-12-13
801890,机械设备,002132,恒星科技,0.1592,2021-12-13
801890,机械设备,002158,汉钟精机,0.1854,2021-12-13
801890,机械设备,002164,宁波东力,0.1095,2021-12-13
801890,机械设备,002184,海得控制,0.0716,2021-12-13
801890,机械设备,002204,大连重工,0.1492,2021-12-13
801890,机械设备,002209,达意隆,0.0606,2021-12-13
801890,机械设备,002248,华东数控,0.074,2021-12-13
801890,机械设备,002278,神开股份,0.0681,2021-12-13
801890,机械设备,002282,博深股份,0.0702,2021-12-13
801890,机械设备,002334,英威腾,0.1622,2021-12-13
801890,机械设备,002337,赛象科技,0.0585,2021-12-13
801890,机械设备,002342,巨力索具,0.1658,2021-12-13
801890,机械设备,002347,泰尔股份,0.0675,2021-12-13
801890,机械设备,002353,杰瑞股份,2.3937,2021-12-13
801890,机械设备,002367,康力电梯,0.0807,2021-12-13
801890,机械设备,002438,江苏神通,0.1767,2021-12-13
801890,机械设备,002444,巨星科技,0.6804,2021-12-13
801890,机械设备,002483,润邦股份,0.1001,2021-12-13
801890,机械设备,002490,山东墨龙,0.0799,2021-12-13
801890,机械设备,002514,*ST宝馨,0.0373,2021-12-13
801890,机械设备,002520,日发精机,0.1157,2021-12-13
801890,机械设备,002523,天桥起重,0.1039,2021-12-13
801890,机械设备,002526,山东矿机,0.1272,2021-12-13
801890,机械设备,002529,海源复材,0.0503,2021-12-13
801890,机械设备,002535,林州重机,0.0409,2021-12-13
801890,机械设备,002559,亚威股份,0.1364,2021-12-13
801890,机械设备,002595,豪迈科技,0.8058,2021-12-13
801890,机械设备,002598,ST章鼓,0.0424,2021-12-13
801890,机械设备,002611,东方精工,0.3655,2021-12-13
801890,机械设备,002633,申科股份,0.035,2021-12-13
801890,机械设备,002639,雪人集团,0.2983,2021-12-13
801890,机械设备,002667,*ST威领,0.1126,2021-12-13
801890,机械设备,002686,亿利达,0.0646,2021-12-13
801890,机械设备,002689,ST远智,0.0499,2021-12-13
801890,机械设备,002690,美亚光电,0.161,2021-12-13
801890,机械设备,002691,*ST冀凯,0.0187,2021-12-13
801890,机械设备,002698,博实股份,0.2116,2021-12-13
801890,机械设备,002730,电光科技,0.1322,2021-12-13
801890,机械设备,002747,埃斯顿,0.3972,2021-12-13
801890,机械设备,002757,南兴股份,0.1008,2021-12-13
801890,机械设备,002760,凤形股份,0.0495,2021-12-13
801890,机械设备,002767,先锋电子,0.0365,2021-12-13
801890,机械设备,002774,快意电梯,0.0589,2021-12-13
801890,机械设备,002779,中坚科技,0.2532,2021-12-13
801890,机械设备,002786,银宝山新,0.0803,2021-12-13
801890,机械设备,002795,永和智控,0.0763,2021-12-13
801890,机械设备,002816,*ST和科,0.0609,2021-12-13
801890,机械设备,002819,东方中科,0.0816,2021-12-13
801890,机械设备,002833,弘亚数控,0.1307,2021-12-13
801890,机械设备,002837,英维克,1.7019,2021-12-13
801890,机械设备,002843,泰嘉股份,0.0848,2021-12-13
801890,机械设备,002849,威星智能,0.0867,2021-12-13
801890,机械设备,002871,伟隆股份,0.0712,2021-12-13
801890,机械设备,002877,智能自控,0.0528,2021-12-13
801890,机械设备,002884,凌霄泵业,0.0991,2021-12-13
801890,机械设备,002890,弘宇股份,0.0497,2021-12-13
801890,机械设备,002896,中大力德,0.2299,2021-12-13
801890,机械设备,002903,宇环数控,0.0823,2021-12-13
801890,机械设备,002931,锋龙股份,0.1507,2021-12-13
801890,机械设备,002943,宇晶股份,0.1712,2021-12-13
801890,机械设备,002957,科瑞技术,0.1993,2021-12-13
801890,机械设备,002960,青鸟智控,0.1589,2021-12-13
801890,机械设备,002972,科安达,0.0422,2021-12-13
801890,机械设备,002975,博杰股份,0.3508,2021-12-13
801890,机械设备,002979,雷赛智能,0.2978,2021-12-13
801890,机械设备,003025,思进智能,0.0552,2021-12-13
801890,机械设备,003036,泰坦股份,0.0936,2021-12-13
801890,机械设备,300004,南风股份,0.0829,2021-12-13
801890,机械设备,300007,汉威科技,0.2578,2021-12-13
801890,机械设备,300011,鼎汉技术,0.0769,2021-12-13
801890,机械设备,300024,机器人,0.5238,2021-12-13
801890,机械设备,300048,合康新能,0.1573,2021-12-13
801890,机械设备,300066,三川智慧,0.0931,2021-12-13
801890,机械设备,300083,创世纪,0.5333,2021-12-13
801890,机械设备,300084,海默科技,0.1185,2021-12-13
801890,机械设备,300091,*ST金灵,0.084,2021-12-13
801890,机械设备,300097,智云股份,0.0739,2021-12-13
801890,机械设备,300099,尤洛卡,0.086,2021-12-13
801890,机械设备,300103,达刚控股,0.065,2021-12-13
801890,机械设备,300112,万讯自控,0.065,2021-12-13
801890,机械设备,300124,汇川技术,3.6978,2021-12-13
801890,机械设备,300126,锐奇股份,0.0318,2021-12-13
801890,机械设备,300145,南方泵业,0.216,2021-12-13
801890,机械设备,300151,昌红科技,0.166,2021-12-13
801890,机械设备,300154,瑞凌股份,0.0613,2021-12-13
801890,机械设备,300161,华中数控,0.1091,2021-12-13
801890,机械设备,300165,天瑞仪器,0.0629,2021-12-13
801890,机械设备,300179,四方达,0.354,2021-12-13
801890,机械设备,300193,佳士科技,0.0884,2021-12-13
801890,机械设备,300195,长荣股份,0.0613,2021-12-13
801890,机械设备,300201,海伦哲,0.3575,2021-12-13
801890,机械设备,300227,光韵达,0.1837,2021-12-13
801890,机械设备,300228,富瑞特装,0.127,2021-12-13
801890,机械设备,300257,开山股份,0.2115,2021-12-13
801890,机械设备,300259,新天科技,0.0926,2021-12-13
801890,机械设备,300260,新莱应材,0.3238,2021-12-13
801890,机械设备,300263,隆华科技,0.1992,2021-12-13
801890,机械设备,300276,三丰智能,0.141,2021-12-13
801890,机械设备,300278,华昌达,0.118,2021-12-13
801890,机械设备,300281,金明精机,0.0471,2021-12-13
801890,机械设备,300293,蓝英装备,0.0845,2021-12-13
801890,机械设备,300306,远方信息,0.0368,2021-12-13
801890,机械设备,300307,慈星股份,0.1271,2021-12-13
801890,机械设备,300349,金卡智能,0.0865,2021-12-13
801890,机械设备,300351,永贵电器,0.095,2021-12-13
801890,机械设备,300354,东华测试,0.0582,2021-12-13
801890,机械设备,300370,安控科技,0.0745,2021-12-13
801890,机械设备,300371,汇中股份,0.0308,2021-12-13
801890,机械设备,300382,斯莱克,0.2107,2021-12-13
801890,机械设备,300400,劲拓股份,0.1569,2021-12-13
801890,机械设备,300402,宝色股份,0.0568,2021-12-13
801890,机械设备,300411,金盾股份,0.0758,2021-12-13
801890,机械设备,300412,迦南科技,0.0535,2021-12-13
801890,机械设备,300415,伊之密,0.1988,2021-12-13
801890,机械设备,300417,南华仪器,0.0288,2021-12-13
801890,机械设备,300420,五洋自控,0.2332,2021-12-13
801890,机械设备,300421,力星股份,0.1114,2021-12-13
801890,机械设备,300441,鲍斯股份,0.0766,2021-12-13
801890,机械设备,300445,康斯特,0.0655,2021-12-13
801890,机械设备,300461,田中精机,0.0833,2021-12-13
801890,机械设备,300470,中密控股,0.1418,2021-12-13
801890,机械设备,300471,厚普股份,0.0892,2021-12-13
801890,机械设备,300472,ST新元,0.0491,2021-12-13
801890,机械设备,300480,光力科技,0.1977,2021-12-13
801890,机械设备,300484,蓝海华腾,0.0647,2021-12-13
801890,机械设备,300486,东杰智能,0.1461,2021-12-13
801890,机械设备,300488,恒锋工具,0.0386,2021-12-13
801890,机械设备,300499,高澜股份,0.2883,2021-12-13
801890,机械设备,300503,昊志机电,0.3874,2021-12-13
801890,机械设备,300509,新美星,0.0395,2021-12-13
801890,机械设备,300512,中亚股份,0.0295,2021-12-13
801890,机械设备,300515,三德科技,0.0516,2021-12-13
801890,机械设备,300521,爱司凯,0.0944,2021-12-13
801890,机械设备,300540,蜀道装备,0.1213,2021-12-13
801890,机械设备,300549,优德精密,0.0302,2021-12-13
801890,机械设备,300553,集智股份,0.1223,2021-12-13
801890,机械设备,300554,三超新材,0.0419,2021-12-13
801890,机械设备,300557,理工光科,0.067,2021-12-13
801890,机械设备,300567,精测电子,1.1258,2021-12-13
801890,机械设备,300594,ST朗进,0.0308,2021-12-13
801890,机械设备,300606,金太阳,0.0957,2021-12-13
801890,机械设备,300607,拓斯达,0.3282,2021-12-13
801890,机械设备,300667,必创科技,0.0651,2021-12-13
801890,机械设备,300669,沪宁股份,0.0668,2021-12-13
801890,机械设备,300700,岱勒新材,0.1761,2021-12-13
801890,机械设备,300720,海川智能,0.1667,2021-12-13
801890,机械设备,300747,锐科激光,0.3937,2021-12-13
801890,机械设备,300757,罗博特科,2.1951,2021-12-13
801890,机械设备,300780,德恩精工,0.0483,2021-12-13
801890,机械设备,300802,矩子科技,0.1186,2021-12-13
801890,机械设备,300809,华辰装备,0.0936,2021-12-13
801890,机械设备,300813,泰林生物,0.0342,2021-12-13
801890,机械设备,300817,双飞集团,0.0429,2021-12-13
801890,机械设备,300818,耐普矿机,0.0718,2021-12-13
801890,机械设备,300823,建科智能,0.0308,2021-12-13
801890,机械设备,300828,锐新科技,0.0412,2021-12-13
801890,机械设备,300833,浩洋股份,0.0516,2021-12-13
801890,机械设备,300836,佰奥智能,0.0916,2021-12-13
801890,机械设备,300837,浙矿股份,0.0263,2021-12-13
801890,机械设备,300838,浙江力诺,0.0277,2021-12-13
801890,机械设备,300851,交大思诺,0.0217,2021-12-13
801890,机械设备,300861,美畅股份,0.183,2021-12-13
801890,机械设备,300862,蓝盾光电,0.1829,2021-12-13
801890,机械设备,300865,大宏立,0.0307,2021-12-13
801890,机械设备,300885,海昌新材,0.0572,2021-12-13
801890,机械设备,300897,山科智能,0.0361,2021-12-13
801890,机械设备,300902,国安达,0.0425,2021-12-13
801890,机械设备,300906,日月明,0.0323,2021-12-13
801890,机械设备,300923,研奥股份,0.029,2021-12-13
801890,机械设备,300931,通用电梯,0.0682,2021-12-13
801890,机械设备,300943,春晖智控,0.1196,2021-12-13
801890,机械设备,300946,恒而达,0.0549,2021-12-13
801890,机械设备,300950,德固特,0.0462,2021-12-13
801890,机械设备,300960,通业科技,0.0212,2021-12-13
801890,机械设备,300971,博亚精工,0.0486,2021-12-13
801890,机械设备,300984,金沃股份,0.0804,2021-12-13
801890,机械设备,300985,致远新能,0.0617,2021-12-13
801890,机械设备,300988,津荣天宇,0.0542,2021-12-13
801890,机械设备,300990,同飞股份,0.1464,2021-12-13
801890,机械设备,300992,泰福泵业,0.0405,2021-12-13
801890,机械设备,301006,迈拓股份,0.0245,2021-12-13
801890,机械设备,301013,利和兴,0.2017,2021-12-13
801890,机械设备,301016,雷尔伟,0.0448,2021-12-13
801890,机械设备,301018,申菱环境,0.5834,2021-12-13
801890,机械设备,301021,英诺激光,0.201,2021-12-13
801890,机械设备,301028,鼎熔岩,0.0519,2021-12-13
801890,机械设备,301029,怡合达,0.2656,2021-12-13
801890,机械设备,301032,新柴股份,0.0302,2021-12-13
801890,机械设备,301048,金鹰重工,0.0407,2021-12-13
801890,机械设备,301053,远信工业,0.0571,2021-12-13
801890,机械设备,301056,森赫股份,0.0399,2021-12-13
801890,机械设备,301079,邵阳液压,0.0631,2021-12-13
801890,机械设备,301083,百胜智能,0.0245,2021-12-13
801890,机械设备,301128,强瑞技术,0.3422,2021-12-13
801890,机械设备,301129,瑞纳智能,0.0301,2021-12-13
801890,机械设备,301199,迈赫股份,0.0368,2021-12-13
801890,机械设备,600031,三一重工,3.7473,2021-12-13
801890,机械设备,600114,东睦股份,0.4541,2021-12-13
801890,机械设备,600169,ST太重,0.1127,2021-12-13
801890,机械设备,600172,黄河旋风,0.4173,2021-12-13
801890,机械设备,600232,金鹰股份,0.0402,2021-12-13
801890,机械设备,600243,*ST海华,0.0384,2021-12-13
801890,机械设备,600262,北方股份,0.0796,2021-12-13
801890,机械设备,600302,ST标准,0.046,2021-12-13
801890,机械设备,600320,振华重工,0.2481,2021-12-13
801890,机械设备,600444,国机通用,0.0387,2021-12-13
801890,机械设备,600495,晋西车轴,0.1136,2021-12-13
801890,机械设备,600499,科达制造,0.5386,2021-12-13
801890,机械设备,600501,航天晨光,0.1164,2021-12-13
801890,机械设备,600520,三佳科技,0.1011,2021-12-13
801890,机械设备,600528,中铁工业,0.2159,2021-12-13
801890,机械设备,600545,卓郎智能,0.1283,2021-12-13
801890,机械设备,600558,大西洋,0.0962,2021-12-13
801890,机械设备,600560,金自天正,0.0452,2021-12-13
801890,机械设备,600579,中化装备,0.0416,2021-12-13
801890,机械设备,600582,天地科技,0.2551,2021-12-13
801890,机械设备,600592,龙溪股份,0.1174,2021-12-13
801890,机械设备,600761,安徽合力,0.3137,2021-12-13
801890,机械设备,600815,厦工股份,0.0961,2021-12-13
801890,机械设备,600835,上海机电,0.1909,2021-12-13
801890,机械设备,600843,上工申贝,0.0752,2021-12-13
801890,机械设备,600860,京城股份,0.0564,2021-12-13
801890,机械设备,600894,广日股份,0.0889,2021-12-13
801890,机械设备,600984,建设机械,0.0952,2021-12-13
801890,机械设备,600992,贵绳股份,0.0552,2021-12-13
801890,机械设备,601002,晋亿实业,0.095,2021-12-13
801890,机械设备,601038,一拖股份,0.089,2021-12-13
801890,机械设备,601100,恒立液压,1.5878,2021-12-13
801890,机械设备,601106,中国一重,0.2517,2021-12-13
801890,机械设备,601177,杭齿前进,0.0659,2021-12-13
801890,机械设备,601399,国机重装,0.1914,2021-12-13
801890,机械设备,601608,中信重工,0.2553,2021-12-13
801890,机械设备,601717,中创智领,0.4535,2021-12-13
801890,机械设备,601766,中国中车,1.915,2021-12-13
801890,机械设备,601798,蓝科高新,0.0537,2021-12-13
801890,机械设备,601882,海天精工,0.0885,2021-12-13
801890,机械设备,603011,合锻智能,0.2546,2021-12-13
801890,机械设备,603012,创力集团,0.1486,2021-12-13
801890,机械设备,603015,弘讯科技,0.074,2021-12-13
801890,机械设备,603025,大豪科技,0.1064,2021-12-13
801890,机械设备,603028,赛福天,0.0461,2021-12-13
801890,机械设备,603036,如通股份,0.0758,2021-12-13
801890,机械设备,603076,乐惠国际,0.0404,2021-12-13
801890,机械设备,603088,宁波精达,0.0789,2021-12-13
801890,机械设备,603090,宏盛股份,0.0707,2021-12-13
801890,机械设备,603095,越剑智能,0.0405,2021-12-13
801890,机械设备,603100,川仪股份,0.14,2021-12-13
801890,机械设备,603111,康尼机电,0.1449,2021-12-13
801890,机械设备,603131,上海沪工,0.0932,2021-12-13
801890,机械设备,603159,上海亚虹,0.0454,2021-12-13
801890,机械设备,603169,兰石重装,0.1349,2021-12-13
801890,机械设备,603187,海容冷链,0.1127,2021-12-13
801890,机械设备,603203,快克智能,0.1622,2021-12-13
801890,机械设备,603269,海鸥股份,0.2978,2021-12-13
801890,机械设备,603277,银都股份,0.0467,2021-12-13
801890,机械设备,603278,大业股份,0.052,2021-12-13
801890,机械设备,603283,赛腾股份,0.3291,2021-12-13
801890,机械设备,603289,泰瑞机器,0.0323,2021-12-13
801890,机械设备,603298,杭叉集团,0.423,2021-12-13
801890,机械设备,603308,应流股份,0.7238,2021-12-13
801890,机械设备,603321,梅轮电梯,0.0333,2021-12-13
801890,机械设备,603331,百达精工,0.0558,2021-12-13
801890,机械设备,603337,杰克科技,0.1984,2021-12-13
801890,机械设备,603338,浙江鼎力,0.4171,2021-12-13
801890,机械设备,603339,四方科技,0.0726,2021-12-13
801890,机械设备,603356,华菱精工,0.0538,2021-12-13
801890,机械设备,603416,信捷电气,0.1114,2021-12-13
801890,机械设备,603488,展鹏科技,0.0497,2021-12-13
801890,机械设备,603500,祥和实业,0.05,2021-12-13
801890,机械设备,603583,捷昌驱动,0.1605,2021-12-13
801890,机械设备,603617,君禾股份,0.052,2021-12-13
801890,机械设备,603638,艾迪精密,0.1374,2021-12-13
801890,机械设备,603656,泰禾智能,0.0518,2021-12-13
801890,机械设备,603662,柯力传感,0.2212,2021-12-13
801890,机械设备,603666,亿嘉和,0.1127,2021-12-13
801890,机械设备,603667,五洲新春,0.3651,2021-12-13
801890,机械设备,603680,今创集团,0.0422,2021-12-13
801890,机械设备,603698,航天工程,0.1122,2021-12-13
801890,机械设备,603699,纽威股份,0.4363,2021-12-13
801890,机械设备,603700,宁水集团,0.0579,2021-12-13
801890,机械设备,603757,大元泵业,0.1845,2021-12-13
801890,机械设备,603789,ST星农,0.0305,2021-12-13
801890,机械设备,603800,洪田股份,0.2076,2021-12-13
801890,机械设备,603855,华荣股份,0.1086,2021-12-13
801890,机械设备,603895,天永智能,0.0315,2021-12-13
801890,机械设备,603901,永创智能,0.1072,2021-12-13
801890,机械设备,603912,佳力图,0.0993,2021-12-13
801890,机械设备,603915,国茂股份,0.1052,2021-12-13
801890,机械设备,603956,威派格,0.0645,2021-12-13
801890,机械设备,603966,法兰泰克,0.0827,2021-12-13
801890,机械设备,603969,银龙股份,0.1308,2021-12-13
801890,机械设备,605001,威奥股份,0.0416,2021-12-13
801890,机械设备,605056,咸亨国际,0.0687,2021-12-13
801890,机械设备,605060,联德股份,0.1157,2021-12-13
801890,机械设备,605100,华丰股份,0.1174,2021-12-13
801890,机械设备,605186,健麾信息,0.0539,2021-12-13
801890,机械设备,605259,绿田机械,0.0447,2021-12-13
801890,机械设备,605286,同力天启,0.0399,2021-12-13
801890,机械设备,605288,凯迪股份,0.057,2021-12-13
801890,机械设备,605298,必得科技,0.085,2021-12-13
801890,机械设备,605305,中际联合,0.1599,2021-12-13
801890,机械设备,605389,长龄液压,0.0983,2021-12-13
801890,机械设备,688001,华兴源创,0.1429,2021-12-13
801890,机械设备,688003,天准科技,0.1914,2021-12-13
801890,机械设备,688009,中国通号,0.2782,2021-12-13
801890,机械设备,688015,交控科技,0.0494,2021-12-13
801890,机械设备,688017,绿的谐波,1.1252,2021-12-13
801890,机械设备,688022,ST瀚川,0.0391,2021-12-13
801890,机械设备,688025,杰普特,0.6847,2021-12-13
801890,机械设备,688028,沃尔德,0.2925,2021-12-13
801890,机械设备,688033,*ST天宜,0.0932,2021-12-13
801890,机械设备,688056,莱伯泰科,0.0386,2021-12-13
801890,机械设备,688059,华锐精密,0.2326,2021-12-13
801890,机械设备,688071,华依科技,0.0684,2021-12-13
801890,机械设备,688090,瑞松科技,0.2385,2021-12-13
801890,机械设备,688092,爱科科技,0.0263,2021-12-13
801890,机械设备,688097,博众精工,0.2971,2021-12-13
801890,机械设备,688112,鼎阳科技,0.1072,2021-12-13
801890,机械设备,688113,联测科技,0.0452,2021-12-13
801890,机械设备,688121,*ST卓然,0.0074,2021-12-13
801890,机械设备,688128,中国电研,0.0637,2021-12-13
801890,机械设备,688160,步科股份,0.1293,2021-12-13
801890,机械设备,688165,埃夫特-U,0.1312,2021-12-13
801890,机械设备,688187,时代电气,0.3526,2021-12-13
801890,机械设备,688211,中科微至,0.0515,2021-12-13
801890,机械设备,688215,瑞晟智能,0.0592,2021-12-13
801890,机械设备,688218,江苏北人,0.1068,2021-12-13
801890,机械设备,688255,凯尔达,0.052,2021-12-13
801890,机械设备,688257,新锐股份,0.449,2021-12-13
801890,机械设备,688285,高铁电气,0.0226,2021-12-13
801890,机械设备,688305,科德数控,0.1421,2021-12-13
801890,机械设备,688308,欧科亿,0.2892,2021-12-13
801890,机械设备,688310,迈得医疗,0.0281,2021-12-13
801890,机械设备,688312,燕麦科技,0.1175,2021-12-13
801890,机械设备,688328,深科达,0.1562,2021-12-13
801890,机械设备,688329,艾隆科技,0.0352,2021-12-13
801890,机械设备,688355,明志科技,0.0215,2021-12-13
801890,机械设备,688360,德马科技,0.0713,2021-12-13
801890,机械设备,688367,工大高科,0.0458,2021-12-13
801890,机械设备,688377,迪威尔,0.0929,2021-12-13
801890,机械设备,688379,华光新材,0.0932,2021-12-13
801890,机械设备,688383,新益昌,0.1238,2021-12-13
801890,机械设备,688395,正弦电气,0.0274,2021-12-13
801890,机械设备,688425,铁建重工,0.1934,2021-12-13
801890,机械设备,688518,联赢激光,0.1979,2021-12-13
801890,机械设备,688528,秦川物联,0.0189,2021-12-13
801890,机械设备,688529,豪森智能,0.045,2021-12-13
801890,机械设备,688557,兰剑智能,0.055,2021-12-13
801890,机械设备,688558,国盛智科,0.045,2021-12-13
801890,机械设备,688559,海目星,0.3258,2021-12-13
801890,机械设备,688569,铁科轨道,0.0346,2021-12-13
801890,机械设备,688577,浙海德曼,0.084,2021-12-13
801890,机械设备,688596,正帆科技,0.4916,2021-12-13
801890,机械设备,688622,*ST禾信,0.1099,2021-12-13
801890,机械设备,688628,优利德,0.1362,2021-12-13
801890,机械设备,688630,芯碁微装,1.0141,2021-12-13
801890,机械设备,688633,星球石墨,0.037,2021-12-13
801890,机械设备,688665,四方光电,0.0469,2021-12-13
801890,机械设备,688686,奥普特,0.1628,2021-12-13
801890,机械设备,688697,纽威数控,0.125,2021-12-13
801890,机械设备,688698,伟创电气,0.136,2021-12-13
801890,机械设备,688700,东威科技,0.3553,2021-12-13
801890,机械设备,688768,容知日新,0.0786,2021-12-13
801890,机械设备,688777,中控技术,1.7172,2021-12-13
801890,机械设备,688789,宏华数科,0.1339,2021-12-13
801890,机械设备,301158,德石股份,0.053,2022-01-17
801890,机械设备,001266,宏英智能,0.0403,2022-02-28
801890,机械设备,301200,大族数控,0.5643,2022-02-28
801890,机械设备,688115,思林杰,0.0758,2022-03-14
801890,机械设备,301137,哈焊华通,0.054,2022-03-22
801890,机械设备,688306,均普智能,0.1316,2022-03-22
801890,机械设备,000927,中国铁物,0.125,2022-03-30
801890,机械设备,301268,铭利达,0.0673,2022-04-07
801890,机械设备,688337,普源精电,0.0911,2022-04-08
801890,机械设备,301151,冠龙节能,0.0413,2022-04-11
801890,机械设备,301279,金道科技,0.0372,2022-04-13
801890,机械设备,688125,安达智能,0.0978,2022-04-15
801890,机械设备,688320,禾川科技,0.1244,2022-04-28
801890,机械设备,688170,德龙激光,0.1427,2022-04-29
801890,机械设备,688290,景业智能,0.0851,2022-04-29
801890,机械设备,301107,瑜欣电子,0.0304,2022-05-24
801890,机械设备,301125,腾亚精工,0.0424,2022-06-08
801890,机械设备,001226,拓山重工,0.033,2022-06-22
801890,机械设备,301112,信邦智能,0.0369,2022-06-29
801890,机械设备,301312,智立方,0.1334,2022-07-11
801890,机械设备,688400,凌云光,0.3341,2022-07-12
801890,机械设备,002046,国机精工,0.4571,2022-08-01
801890,机械设备,002122,ST汇洲,0.1224,2022-08-01
801890,机械设备,002175,*ST东智,0.0755,2022-08-01
801890,机械设备,002445,中南文化,0.1516,2022-08-01
801890,机械设备,300095,华伍股份,0.0803,2022-08-01
801890,机械设备,300159,新研股份,0.1603,2022-08-01
801890,机械设备,300756,金马游乐,0.1887,2022-08-01
801890,机械设备,300879,大叶股份,0.0317,2022-08-01
801890,机械设备,301138,华研精机,0.033,2022-08-01
801890,机械设备,600202,哈空调,0.0433,2022-08-01
801890,机械设备,600215,派斯林,0.0714,2022-08-01
801890,机械设备,600343,航天动力,0.2194,2022-08-01
801890,机械设备,600783,鲁信创投,0.1299,2022-08-01
801890,机械设备,603029,天鹅股份,0.0279,2022-08-01
801890,机械设备,688162,巨一科技,0.0465,2022-08-01
801890,机械设备,688333,铂力特,0.6764,2022-08-01
801890,机械设备,301197,工大科雅,0.055,2022-08-08
801890,机械设备,301338,凯格精机,0.2687,2022-08-16
801890,机械设备,603081,大丰实业,0.064,2022-08-16
801890,机械设备,301161,唯万密封,0.0509,2022-09-14
801890,机械设备,688455,科捷智能,0.0338,2022-09-15
801890,机械设备,301309,万得凯,0.0278,2022-09-19
801890,机械设备,001332,锡装股份,0.0355,2022-09-20
801890,机械设备,688448,磁谷科技,0.1108,2022-09-21
801890,机械设备,688459,哈铁科技,0.0293,2022-10-12
801890,机械设备,301273,瑞晨环保,0.0594,2022-10-25
801890,机械设备,603280,南方路机,0.0257,2022-11-09
801890,机械设备,301377,鼎泰高科,0.9139,2022-11-22
801890,机械设备,301311,昆船智能,0.0354,2022-11-30
801890,机械设备,001256,炜冈科技,0.0368,2022-12-05
801890,机械设备,001223,欧克科技,0.0337,2022-12-12
801890,机械设备,301368,丰立智能,0.0791,2022-12-15
801890,机械设备,301255,通力科技,0.0198,2022-12-27
801890,机械设备,301105,鸿铭股份,0.0282,2022-12-30
801890,机械设备,688485,九州一轨,0.2986,2023-01-18
801890,机械设备,301317,鑫磊股份,0.0727,2023-01-19
801890,机械设备,301260,格力博,0.0456,2023-02-08
801890,机械设备,301303,真兰仪表,0.0462,2023-02-20
801890,机械设备,001225,和泰机电,0.028,2023-02-22
801890,机械设备,688531,日联科技,0.4678,2023-03-31
801890,机械设备,001360,南矿集团,0.052,2023-04-10
801890,机械设备,603135,中重科技,0.0541,2023-04-10
801890,机械设备,688433,华曙高科,0.4598,2023-04-17
801890,机械设备,301360,荣旗科技,0.0612,2023-04-25
801890,机械设备,001324,长青科技,0.0499,2023-05-22
801890,机械设备,301399,英特科技,0.0322,2023-05-23
801890,机械设备,301353,普莱得,0.0245,2023-05-30
801890,机械设备,688570,天玛智控,0.0571,2023-06-05
801890,机械设备,688623,双元科技,0.0442,2023-06-08
801890,机械设备,301320,豪江智能,0.0313,2023-06-09
801890,机械设备,301448,开创电气,0.0513,2023-06-19
801890,机械设备,002131,利欧股份,0.8855,2023-07-06
801890,机械设备,002272,川润股份,0.1934,2023-07-06
801890,机械设备,300157,新锦动力,0.0831,2023-07-06
801890,机械设备,603173,福斯达,0.0504,2023-07-06
801890,机械设备,301261,恒工精密,0.0734,2023-07-10
801890,机械设备,301272,英华特,0.0238,2023-07-13
801890,机械设备,688627,精智达,1.0487,2023-07-18
801890,机械设备,688610,埃科光电,0.11,2023-07-19
801890,机械设备,301512,智信精密,0.0253,2023-07-20
801890,机械设备,301468,博盈特焊,0.1044,2023-07-24
801890,机械设备,301446,福事特,0.0395,2023-07-25
801890,机械设备,688646,逸飞激光,0.1433,2023-07-28
801890,机械设备,301510,固高科技,0.2313,2023-08-15
801890,机械设备,301533,威马农机,0.0243,2023-08-18
801890,机械设备,301418,协昌科技,0.0345,2023-08-21
801890,机械设备,603275,众辰科技,0.0505,2023-08-23
801890,机械设备,301528,多浦乐,0.0681,2023-08-28
801890,机械设备,301525,儒竞科技,0.0783,2023-08-30
801890,机械设备,603270,金帝股份,0.0791,2023-09-01
801890,机械设备,301548,崇德科技,0.0463,2023-09-20
801890,机械设备,301559,中集环科,0.0395,2023-10-11
801890,机械设备,603273,天元智能,0.0273,2023-10-23
801890,机械设备,688648,中邮科技,0.0689,2023-11-13
801890,机械设备,001306,夏厦精密,0.0285,2023-11-16
801890,机械设备,301568,思泰克,0.1043,2023-11-28
801890,机械设备,301413,安培龙,0.1467,2023-12-01
801890,机械设备,001239,永达股份,0.0404,2023-12-12
801890,机械设备,603325,博隆技术,0.0623,2024-01-10
801890,机械设备,001379,腾达科技,0.0356,2024-01-19
801890,机械设备,603082,北自科技,0.0521,2024-01-30
801890,机械设备,301596,瑞迪智驱,0.0575,2024-05-13
801890,机械设备,301392,汇成真空,0.2246,2024-06-05
801890,机械设备,301603,乔锋智能,0.1452,2024-07-10
801890,机械设备,002527,新时达,0.1671,2024-07-31
801890,机械设备,002530,金财互联,0.1364,2024-07-31
801890,机械设备,002685,华东重机,0.161,2024-07-31
801890,机械设备,002722,物产金轮,0.0596,2024-07-31
801890,机械设备,300092,科新机电,0.0633,2024-07-31
801890,机械设备,300466,赛摩智能,0.0419,2024-07-31
801890,机械设备,300718,长盛轴承,0.2143,2024-07-31
801890,机械设备,301043,绿岛风,0.0319,2024-07-31
801890,机械设备,301063,海锅股份,0.0381,2024-07-31
801890,机械设备,301070,开勒股份,0.157,2024-07-31
801890,机械设备,600980,北矿科技,0.0642,2024-07-31
801890,机械设备,601369,陕鼓动力,0.1577,2024-07-31
801890,机械设备,603391,力聚热能,0.0537,2024-07-31
801890,机械设备,603611,诺力股份,0.0789,2024-07-31
801890,机械设备,688420,美腾科技,0.0321,2024-07-31
801890,机械设备,001277,速达股份,0.0238,2024-09-03
801890,机械设备,301633,港迪技术,0.0389,2024-11-07
801890,机械设备,301598,博科测试,0.03,2024-12-20
801890,机械设备,603194,中力股份,0.1817,2024-12-24
801890,机械设备,301601,惠通科技,0.0239,2025-01-15
801890,机械设备,688583,思看科技,0.1113,2025-01-15
801890,机械设备,001395,亚联机械,0.05,2025-01-27
801890,机械设备,301616,浙江华业,0.0239,2025-03-27
801890,机械设备,603279,景津装备,0.1253,2025-04-11
801890,机械设备,001400,江顺科技,0.1002,2025-04-24
801890,机械设备,603400,华之杰,0.0651,2025-06-20
801890,机械设备,688600,皖仪科技,0.078,2025-09-29
801890,机械设备,688816,易思维,0.0332,2026-02-11
801890,机械设备,688813,泰金新能,0.1032,2026-03-31
801890,机械设备,688808,联讯仪器,1.5952,2026-04-24
801890,机械设备,001237,惠康科技,0.0596,2026-05-22
801890,机械设备,000880,潍柴重机,0.1711,2026-07-02
801890,机械设备,002564,天沃科技,0.0976,2026-07-02
801890,机械设备,300220,金运激光,0.0292,2026-07-02
801890,机械设备,300435,中泰股份,0.1367,2026-07-02
801890,机械设备,300572,安车检测,0.1325,2026-07-02
801890,机械设备,301160,翔楼新材,0.1355,2026-07-02
801890,机械设备,301307,美利信,0.171,2026-07-02
801890,机械设备,600397,江钨装备,0.335,2026-07-02
801890,机械设备,600889,*ST京化,0.0886,2026-07-02
801890,机械设备,301677,欣兴工具,0.0381,2026-07-30
801890,机械设备,688828,国仪公司,0.0794,2026-08-11
801890,机械设备,688826,频准激光,0.1972,2026-08-18
801890,机械设备,688836,宇树科技,0.5351,2026-08-19
801890,机械设备,688835,高凯技术,0.1707,2026-08-25
801890,机械设备,000008,神州高铁,0.1283,2021-12-13
801740,国防军工,000547,航天发展,1.4134,2021-12-13
801740,国防军工,000561,烽火电子,0.2663,2021-12-13
801740,国防军工,000576,甘化科工,0.1823,2021-12-13
801740,国防军工,000697,炼石航空,0.2993,2021-12-13
801740,国防军工,000733,振华科技,1.1854,2021-12-13
801740,国防军工,000738,航发控制,0.8677,2021-12-13
801740,国防军工,000768,中航西飞,2.3257,2021-12-13
801740,国防军工,002023,海特高新,0.4347,2021-12-13
801740,国防军工,002025,航天电器,1.2968,2021-12-13
801740,国防军工,002151,北斗星通,0.849,2021-12-13
801740,国防军工,002179,中航光电,2.8954,2021-12-13
801740,国防军工,002189,中光学,0.2168,2021-12-13
801740,国防军工,002214,大立科技,0.5712,2021-12-13
801740,国防军工,002297,博云新材,0.7043,2021-12-13
801740,国防军工,002338,奥普光电,0.4083,2021-12-13
801740,国防军工,002383,合众思壮,0.237,2021-12-13
801740,国防军工,002389,航天彩虹,0.8723,2021-12-13
801740,国防军工,002413,雷科防务,0.7358,2021-12-13
801740,国防军工,002414,高德红外,1.5369,2021-12-13
801740,国防军工,002446,盛路通信,0.5277,2021-12-13
801740,国防军工,002465,海格通信,1.3285,2021-12-13
801740,国防军工,002625,光启技术,3.402,2021-12-13
801740,国防军工,002829,星网宇达,0.2182,2021-12-13
801740,国防军工,002933,新兴装备,0.1548,2021-12-13
801740,国防军工,002935,天奥电子,0.2922,2021-12-13
801740,国防军工,002977,*ST天箭,0.0682,2021-12-13
801740,国防军工,002985,北摩高科,0.373,2021-12-13
801740,国防军工,003009,中天火箭,0.2584,2021-12-13
801740,国防军工,300008,天海防务,0.6871,2021-12-13
801740,国防军工,300034,钢研高纳,0.5432,2021-12-13
801740,国防军工,300045,华力创通,0.4151,2021-12-13
801740,国防军工,300065,海兰信,0.7767,2021-12-13
801740,国防军工,300101,振芯科技,0.4541,2021-12-13
801740,国防军工,300123,ST亚光,0.3343,2021-12-13
801740,国防军工,300177,中海达,0.2644,2021-12-13
801740,国防军工,300252,金信诺,0.4185,2021-12-13
801740,国防军工,300395,菲利华,2.892,2021-12-13
801740,国防军工,300424,航新科技,0.1747,2021-12-13
801740,国防军工,300447,全信股份,0.1758,2021-12-13
801740,国防军工,300474,景嘉微,1.2424,2021-12-13
801740,国防军工,300527,ST应急,0.2404,2021-12-13
801740,国防军工,300581,晨曦航空,0.2066,2021-12-13
801740,国防军工,300589,江龙船艇,0.1972,2021-12-13
801740,国防军工,300600,国瑞科技,0.149,2021-12-13
801740,国防军工,300696,爱乐达,0.2363,2021-12-13
801740,国防军工,300699,光威复材,0.9842,2021-12-13
801740,国防军工,300719,安达维尔,0.148,2021-12-13
801740,国防军工,300722,新余国科,0.1661,2021-12-13
801740,国防军工,300726,宏达电子,0.556,2021-12-13
801740,国防军工,300762,上海瀚讯,1.1723,2021-12-13
801740,国防军工,300775,三角防务,0.6313,2021-12-13
801740,国防军工,300777,中简科技,0.592,2021-12-13
801740,国防军工,300810,中科海讯,0.1184,2021-12-13
801740,国防军工,300875,捷强装备,0.1266,2021-12-13
801740,国防军工,300900,广联航空,0.3485,2021-12-13
801740,国防军工,300922,天秦装备,0.1605,2021-12-13
801740,国防军工,300965,恒宇信通,0.051,2021-12-13
801740,国防军工,301050,雷电微力,0.3829,2021-12-13
801740,国防军工,301213,观想科技,0.1347,2021-12-13
801740,国防军工,600038,中直股份,0.7783,2021-12-13
801740,国防军工,600118,中国卫星,2.6263,2021-12-13
801740,国防军工,600150,中国船舶,12.3236,2021-12-13
801740,国防军工,600184,光电股份,0.3687,2021-12-13
801740,国防军工,600316,洪都航空,0.9348,2021-12-13
801740,国防军工,600372,中航机载,1.7986,2021-12-13
801740,国防军工,600391,航发科技,0.6154,2021-12-13
801740,国防军工,600435,北方导航,0.8456,2021-12-13
801740,国防军工,600562,国睿科技,0.9492,2021-12-13
801740,国防军工,600685,中船防务,0.7304,2021-12-13
801740,国防军工,600760,中航沈飞,3.3096,2021-12-13
801740,国防军工,600764,中国海防,0.2801,2021-12-13
801740,国防军工,600765,中航重机,1.0035,2021-12-13
801740,国防军工,600862,中航高科,0.9934,2021-12-13
801740,国防军工,600879,航天电子,2.7646,2021-12-13
801740,国防军工,600893,航发动力,3.2905,2021-12-13
801740,国防军工,600967,内蒙一机,0.8058,2021-12-13
801740,国防军工,600990,四创电子,0.2139,2021-12-13
801740,国防军工,601606,长城军工,0.7401,2021-12-13
801740,国防军工,601698,中国卫通,1.1374,2021-12-13
801740,国防军工,601890,亚星锚链,0.4374,2021-12-13
801740,国防军工,603267,鸿远电子,0.5403,2021-12-13
801740,国防军工,603678,火炬电子,0.9095,2021-12-13
801740,国防军工,603712,七一二,0.3716,2021-12-13
801740,国防军工,605123,派克新材,0.3361,2021-12-13
801740,国防军工,688011,新光光电,0.2828,2021-12-13
801740,国防军工,688070,纵横股份,0.107,2021-12-13
801740,国防军工,688081,兴图新科,0.0828,2021-12-13
801740,国防军工,688122,西部超导,1.4038,2021-12-13
801740,国防军工,688239,航宇科技,0.5757,2021-12-13
801740,国防军工,688272,富吉瑞,0.0704,2021-12-13
801740,国防军工,688311,盟升电子,0.2058,2021-12-13
801740,国防军工,688510,航亚科技,0.3551,2021-12-13
801740,国防军工,688511,天微电子,0.1085,2021-12-13
801740,国防军工,688586,江航装备,0.2498,2021-12-13
801740,国防军工,688636,智明达,0.1677,2021-12-13
801740,国防军工,688682,霍莱沃,0.0899,2021-12-13
801740,国防军工,688685,迈信林,0.268,2021-12-13
801740,国防军工,688776,国光电气,0.169,2021-12-13
801740,国防军工,688788,科思科技,0.2276,2021-12-13
801740,国防军工,688281,华秦科技,0.7944,2022-03-07
801740,国防军工,603261,立航科技,0.119,2022-03-15
801740,国防军工,688175,高凌信息,0.111,2022-03-15
801740,国防军工,688282,理工导航,0.1086,2022-03-18
801740,国防军工,001270,铖昌科技,0.8176,2022-06-06
801740,国防军工,301302,华如科技,0.1483,2022-06-23
801740,国防军工,688297,中无人机,0.7477,2022-06-29
801740,国防军工,688237,超卓航科,0.1789,2022-07-01
801740,国防军工,688053,ST思科瑞,0.131,2022-07-12
801740,国防军工,688375,国博电子,0.9876,2022-07-22
801740,国防军工,301306,西测测试,0.2592,2022-07-26
801740,国防军工,002651,利君股份,0.1974,2022-08-01
801740,国防军工,300397,天和防务,0.3085,2022-08-01
801740,国防军工,300629,新劲刚,0.2688,2022-08-01
801740,国防军工,688439,振华风光,0.2423,2022-08-26
801740,国防军工,688132,邦彦技术,0.1017,2022-09-23
801740,国防军工,688084,晶品特装,0.1375,2022-12-08
801740,国防军工,688522,纳睿雷达,0.2402,2023-03-01
801740,国防军工,301357,北方长龙,0.189,2023-04-18
801740,国防军工,688552,航天南湖,0.2566,2023-05-18
801740,国防军工,688523,航天环宇,0.3099,2023-06-02
801740,国防军工,688543,国科军工,0.4604,2023-06-21
801740,国防军工,688629,华丰科技,1.8501,2023-06-27
801740,国防军工,002111,威海广泰,0.2184,2023-07-06
801740,国防军工,688563,航材股份,0.4798,2023-07-19
801740,国防军工,002519,银河电子,0.3304,2023-08-24
801740,国防军工,301517,陕西华达,0.1728,2023-10-17
801740,国防军工,600855,航天长峰,0.2601,2024-07-31
801740,国防军工,301571,国科天成,0.4566,2024-08-21
801740,国防军工,301586,佳力奇,0.0797,2024-08-28
801740,国防军工,301592,六九一二,0.1873,2024-10-24
801740,国防军工,688708,佳驰科技,0.3676,2024-12-05
801740,国防军工,603268,松发股份,2.9518,2026-02-03
801740,国防军工,688818,电科蓝天,0.488,2026-02-10
801740,国防军工,301682,宏明电子,0.209,2026-03-25
801740,国防军工,301707,展芯股份,0.1548,2026-08-07
801740,国防军工,302132,中航成飞,1.329,2026-08-25
801740,国防军工,000519,中兵红箭,0.9713,2021-12-13
801750,计算机,000066,中国长城,1.1596,2021-12-13
801750,计算机,000158,常山北明,0.6027,2021-12-13
801750,计算机,000503,国新健康,0.2141,2021-12-13
801750,计算机,000555,神州信息,0.2576,2021-12-13
801750,计算机,000938,紫光股份,2.9584,2021-12-13
801750,计算机,000948,南天信息,0.1542,2021-12-13
801750,计算机,000977,浪潮信息,3.2509,2021-12-13
801750,计算机,000997,新大陆,0.6391,2021-12-13
801750,计算机,002063,远光软件,0.3224,2021-12-13
801750,计算机,002065,东华软件,0.6542,2021-12-13
801750,计算机,002152,广电运通,0.4784,2021-12-13
801750,计算机,002153,石基信息,0.2668,2021-12-13
801750,计算机,002178,延华智能,0.1047,2021-12-13
801750,计算机,002195,岩山科技,1.3836,2021-12-13
801750,计算机,002197,证通电子,0.1361,2021-12-13
801750,计算机,002212,天融信,0.3329,2021-12-13
801750,计算机,002230,科大讯飞,3.0447,2021-12-13
801750,计算机,002232,启明信息,0.1148,2021-12-13
801750,计算机,002236,大华股份,1.2743,2021-12-13
801750,计算机,002253,川大智胜,0.0698,2021-12-13
801750,计算机,002268,电科网安,0.3206,2021-12-13
801750,计算机,002279,久其软件,0.1896,2021-12-13
801750,计算机,002298,中电鑫龙,0.2213,2021-12-13
801750,计算机,002322,理工能科,0.1318,2021-12-13
801750,计算机,002331,皖通科技,0.0948,2021-12-13
801750,计算机,002362,汉王科技,0.1108,2021-12-13
801750,计算机,002368,太极股份,0.2307,2021-12-13
801750,计算机,002373,千方科技,0.3323,2021-12-13
801750,计算机,002376,新北洋,0.1097,2021-12-13
801750,计算机,002380,科远智慧,0.139,2021-12-13
801750,计算机,002401,中远海科,0.0997,2021-12-13
801750,计算机,002405,四维图新,0.5621,2021-12-13
801750,计算机,002410,广联达,0.5027,2021-12-13
801750,计算机,002415,海康威视,5.3352,2021-12-13
801750,计算机,002421,达实智能,0.257,2021-12-13
801750,计算机,002439,启明星辰,0.3831,2021-12-13
801750,计算机,002474,榕基软件,0.1414,2021-12-13
801750,计算机,002512,ST达华,0.1424,2021-12-13
801750,计算机,002528,*ST英飞,0.1436,2021-12-13
801750,计算机,002577,雷柏科技,0.0968,2021-12-13
801750,计算机,002609,捷顺科技,0.1085,2021-12-13
801750,计算机,002642,荣联科技,0.1627,2021-12-13
801750,计算机,002649,博彦科技,0.2287,2021-12-13
801750,计算机,002657,中科金财,0.2151,2021-12-13
801750,计算机,002771,真视通,0.0957,2021-12-13
801750,计算机,002777,久远银海,0.1354,2021-12-13
801750,计算机,002835,同为股份,0.0534,2021-12-13
801750,计算机,002912,中新赛克,0.0913,2021-12-13
801750,计算机,002920,德赛西威,1.2277,2021-12-13
801750,计算机,002970,锐明技术,0.1827,2021-12-13
801750,计算机,002987,京北方,0.2247,2021-12-13
801750,计算机,002990,盛视科技,0.177,2021-12-13
801750,计算机,003004,声迅股份,0.1146,2021-12-13
801750,计算机,003005,竞业达,0.0788,2021-12-13
801750,计算机,003007,直真科技,0.0638,2021-12-13
801750,计算机,003029,吉大正元,0.0797,2021-12-13
801750,计算机,300017,网宿科技,1.3325,2021-12-13
801750,计算机,300020,ST银江,0.1119,2021-12-13
801750,计算机,300033,同花顺,2.7163,2021-12-13
801750,计算机,300036,超图软件,0.1881,2021-12-13
801750,计算机,300042,朗科科技,0.216,2021-12-13
801750,计算机,300044,*ST赛为,0.1738,2021-12-13
801750,计算机,300047,天源迪科,0.2284,2021-12-13
801750,计算机,300074,华平股份,0.0767,2021-12-13
801750,计算机,300075,数字政通,0.2264,2021-12-13
801750,计算机,300078,思创智联,0.1118,2021-12-13
801750,计算机,300079,数码视讯,0.2704,2021-12-13
801750,计算机,300085,银之杰,0.5265,2021-12-13
801750,计算机,300096,ST易联众,0.1136,2021-12-13
801750,计算机,300130,新国都,0.3245,2021-12-13
801750,计算机,300150,世纪瑞尔,0.0709,2021-12-13
801750,计算机,300155,安居宝,0.0461,2021-12-13
801750,计算机,300166,东方国信,0.4501,2021-12-13
801750,计算机,300167,ST迪威迅,0.0568,2021-12-13
801750,计算机,300168,万达信息,0.1478,2021-12-13
801750,计算机,300170,汉得信息,0.6988,2021-12-13
801750,计算机,300188,国投智能,0.1969,2021-12-13
801750,计算机,300209,行云科技,1.0016,2021-12-13
801750,计算机,300212,*ST易录,0.1475,2021-12-13
801750,计算机,300226,上海钢联,0.1975,2021-12-13
801750,计算机,300229,拓尔思,0.3699,2021-12-13
801750,计算机,300231,银信科技,0.1159,2021-12-13
801750,计算机,300235,方直科技,0.0728,2021-12-13
801750,计算机,300245,ST天玑,0.064,2021-12-13
801750,计算机,300248,新开普,0.138,2021-12-13
801750,计算机,300249,依米康,0.1841,2021-12-13
801750,计算机,300250,初灵信息,0.0958,2021-12-13
801750,计算机,300253,卫宁健康,0.462,2021-12-13
801750,计算机,300264,佳创视讯,0.0956,2021-12-13
801750,计算机,300270,中威电子,0.0894,2021-12-13
801750,计算机,300271,华宇软件,0.1513,2021-12-13
801750,计算机,300277,汽轮科技,0.3747,2021-12-13
801750,计算机,300287,飞利信,0.2024,2021-12-13
801750,计算机,300288,朗玛信息,0.0955,2021-12-13
801750,计算机,300290,ST荣科,0.1202,2021-12-13
801750,计算机,300300,海峡创新,0.1791,2021-12-13
801750,计算机,300302,同有科技,0.3433,2021-12-13
801750,计算机,300311,任子行,0.1112,2021-12-13
801750,计算机,300324,旋极信息,0.2325,2021-12-13
801750,计算机,300333,兆日科技,0.1507,2021-12-13
801750,计算机,300339,润和软件,1.0894,2021-12-13
801750,计算机,300348,长亮科技,0.3159,2021-12-13
801750,计算机,300352,ST信源,0.1257,2021-12-13
801750,计算机,300365,恒华科技,0.0991,2021-12-13
801750,计算机,300366,ST创意,0.1073,2021-12-13
801750,计算机,300368,汇金股份,0.1599,2021-12-13
801750,计算机,300369,绿盟科技,0.2064,2021-12-13
801750,计算机,300377,赢时胜,0.3709,2021-12-13
801750,计算机,300378,鼎捷数智,0.369,2021-12-13
801750,计算机,300380,安硕信息,0.1019,2021-12-13
801750,计算机,300386,飞天诚信,0.1061,2021-12-13
801750,计算机,300399,天利科技,0.0811,2021-12-13
801750,计算机,300419,ST浩丰,0.115,2021-12-13
801750,计算机,300440,运达科技,0.2425,2021-12-13
801750,计算机,300448,浩云科技,0.105,2021-12-13
801750,计算机,300449,汉邦高科,0.0827,2021-12-13
801750,计算机,300451,创业慧康,0.1813,2021-12-13
801750,计算机,300454,深信服,1.3291,2021-12-13
801750,计算机,300455,航天智装,0.2166,2021-12-13
801750,计算机,300462,ST华铭,0.0597,2021-12-13
801750,计算机,300465,高伟达,0.1731,2021-12-13
801750,计算机,300468,四方精创,0.4449,2021-12-13
801750,计算机,300469,信息发展,0.4591,2021-12-13
801750,计算机,300479,神思电子,0.0924,2021-12-13
801750,计算机,300496,中科创达,0.8589,2021-12-13
801750,计算机,300508,维宏股份,0.0791,2021-12-13
801750,计算机,300520,科大国创,0.2187,2021-12-13
801750,计算机,300523,辰安科技,0.0898,2021-12-13
801750,计算机,300525,博思软件,0.2093,2021-12-13
801750,计算机,300531,优博讯,0.1533,2021-12-13
801750,计算机,300532,今天国际,0.1246,2021-12-13
801750,计算机,300541,先进数通,0.1589,2021-12-13
801750,计算机,300542,新晨科技,0.0971,2021-12-13
801750,计算机,300546,雄帝科技,0.0878,2021-12-13
801750,计算机,300550,和仁科技,0.0741,2021-12-13
801750,计算机,300551,古鳌科技,0.1421,2021-12-13
801750,计算机,300552,万集科技,0.0883,2021-12-13
801750,计算机,300556,丝路视觉,0.0689,2021-12-13
801750,计算机,300559,佳发教育,0.081,2021-12-13
801750,计算机,300561,汇金科技,0.1021,2021-12-13
801750,计算机,300579,数字认证,0.1202,2021-12-13
801750,计算机,300588,熙菱信息,0.126,2021-12-13
801750,计算机,300598,诚迈科技,0.227,2021-12-13
801750,计算机,300605,恒锋信息,0.0417,2021-12-13
801750,计算机,300608,思特奇,0.0813,2021-12-13
801750,计算机,300609,汇纳科技,0.0906,2021-12-13
801750,计算机,300624,万兴科技,0.3253,2021-12-13
801750,计算机,300634,彩讯股份,0.2321,2021-12-13
801750,计算机,300645,正元智慧,0.0462,2021-12-13
801750,计算机,300659,中孚信息,0.074,2021-12-13
801750,计算机,300663,科蓝软件,0.1237,2021-12-13
801750,计算机,300674,宇信科技,0.4131,2021-12-13
801750,计算机,300678,中科信息,0.1854,2021-12-13
801750,计算机,300682,朗新科技,0.2353,2021-12-13
801750,计算机,300687,赛意信息,0.3661,2021-12-13
801750,计算机,300691,联合光电,0.0996,2021-12-13
801750,计算机,300730,科创信息,0.0706,2021-12-13
801750,计算机,300743,天地数码,0.0559,2021-12-13
801750,计算机,300768,迪普科技,0.1704,2021-12-13
801750,计算机,300771,智莱科技,0.0609,2021-12-13
801750,计算机,300789,唐源电气,0.045,2021-12-13
801750,计算机,300790,宇瞳光学,0.2987,2021-12-13
801750,计算机,300803,指南针,1.4504,2021-12-13
801750,计算机,300807,天迈科技,0.0485,2021-12-13
801750,计算机,300830,金现代,0.094,2021-12-13
801750,计算机,300845,捷安高科,0.0756,2021-12-13
801750,计算机,300846,首都在线,0.3034,2021-12-13
801750,计算机,300872,天阳科技,0.2145,2021-12-13
801750,计算机,300884,狄耐克,0.0869,2021-12-13
801750,计算机,300895,铜牛信息,0.2848,2021-12-13
801750,计算机,300925,法本信息,0.1955,2021-12-13
801750,计算机,300935,盈建科,0.0535,2021-12-13
801750,计算机,300941,创识科技,0.0606,2021-12-13
801750,计算机,300996,普联软件,0.1486,2021-12-13
801750,计算机,301042,安联锐视,0.0741,2021-12-13
801750,计算机,301085,亚康股份,0.0974,2021-12-13
801750,计算机,301178,天亿马,0.0844,2021-12-13
801750,计算机,301185,鸥玛软件,0.0693,2021-12-13
801750,计算机,600100,同方股份,0.6152,2021-12-13
801750,计算机,600131,国网信通,0.2432,2021-12-13
801750,计算机,600271,航天信息,0.2854,2021-12-13
801750,计算机,600410,华胜天成,0.6482,2021-12-13
801750,计算机,600446,金证股份,0.3409,2021-12-13
801750,计算机,600455,博通股份,0.0494,2021-12-13
801750,计算机,600476,*ST湘邮,0.0398,2021-12-13
801750,计算机,600536,中国软件,0.7708,2021-12-13
801750,计算机,600570,恒生电子,1.4179,2021-12-13
801750,计算机,600571,信雅达,0.1747,2021-12-13
801750,计算机,600588,用友网络,0.8727,2021-12-13
801750,计算机,600602,云赛智联,0.4621,2021-12-13
801750,计算机,600654,中安科,0.2016,2021-12-13
801750,计算机,600718,东软集团,0.312,2021-12-13
801750,计算机,600728,佳都科技,0.3194,2021-12-13
801750,计算机,600756,浪潮软件,0.1642,2021-12-13
801750,计算机,600797,浙大网新,0.2884,2021-12-13
801750,计算机,600845,宝信软件,0.5037,2021-12-13
801750,计算机,600850,电科数字,0.2914,2021-12-13
801750,计算机,601360,三六零,1.0806,2021-12-13
801750,计算机,601519,大智慧,0.381,2021-12-13
801750,计算机,603019,中科曙光,4.1703,2021-12-13
801750,计算机,603039,泛微网络,0.2476,2021-12-13
801750,计算机,603106,恒银科技,0.08,2021-12-13
801750,计算机,603138,海量数据,0.1053,2021-12-13
801750,计算机,603171,税友股份,0.205,2021-12-13
801750,计算机,603189,*ST网达,0.0687,2021-12-13
801750,计算机,603232,格尔软件,0.1099,2021-12-13
801750,计算机,603383,顶点软件,0.1523,2021-12-13
801750,计算机,603496,恒为科技,0.227,2021-12-13
801750,计算机,603508,思维列控,0.1529,2021-12-13
801750,计算机,603516,淳中科技,0.5621,2021-12-13
801750,计算机,603528,多伦科技,0.0893,2021-12-13
801750,计算机,603636,南威软件,0.1178,2021-12-13
801750,计算机,603660,苏州科达,0.1916,2021-12-13
801750,计算机,603869,ST智知,0.0574,2021-12-13
801750,计算机,603887,城地香江,0.2118,2021-12-13
801750,计算机,603918,金桥信息,0.1147,2021-12-13
801750,计算机,603927,中科软,0.3324,2021-12-13
801750,计算机,603990,麦迪科技,0.2138,2021-12-13
801750,计算机,605118,力鼎光电,0.1,2021-12-13
801750,计算机,605398,新炬网络,0.0576,2021-12-13
801750,计算机,688004,博汇科技,0.0461,2021-12-13
801750,计算机,688023,安恒信息,0.1467,2021-12-13
801750,计算机,688030,山石网科,0.0773,2021-12-13
801750,计算机,688038,中科通达,0.0531,2021-12-13
801750,计算机,688039,当虹科技,0.085,2021-12-13
801750,计算机,688051,佳华科技,0.0348,2021-12-13
801750,计算机,688058,宝兰德,0.0464,2021-12-13
801750,计算机,688060,云涌科技,0.0285,2021-12-13
801750,计算机,688066,*ST航图,0.0629,2021-12-13
801750,计算机,688083,中望软件,0.2176,2021-12-13
801750,计算机,688088,虹软科技,0.3067,2021-12-13
801750,计算机,688095,福昕软件,0.1437,2021-12-13
801750,计算机,688109,品茗科技,0.0989,2021-12-13
801750,计算机,688111,金山办公,2.0348,2021-12-13
801750,计算机,688118,普元信息,0.0672,2021-12-13
801750,计算机,688158,优刻得-W,0.4483,2021-12-13
801750,计算机,688168,安博通,0.1139,2021-12-13
801750,计算机,688188,柏楚电子,0.5951,2021-12-13
801750,计算机,688201,ST信安,0.0601,2021-12-13
801750,计算机,688208,道通科技,0.4606,2021-12-13
801750,计算机,688228,开普云,0.1055,2021-12-13
801750,计算机,688229,博睿数据,0.0705,2021-12-13
801750,计算机,688232,新点软件,0.0914,2021-12-13
801750,计算机,688258,卓易信息,0.3056,2021-12-13
801750,计算机,688288,鸿泉技术,0.0322,2021-12-13
801750,计算机,688296,和达科技,0.0603,2021-12-13
801750,计算机,688316,青云科技,0.0735,2021-12-13
801750,计算机,688318,财富趋势,0.4122,2021-12-13
801750,计算机,688365,光云科技,0.1183,2021-12-13
801750,计算机,688369,致远互联,0.0795,2021-12-13
801750,计算机,688500,慧辰股份,0.0754,2021-12-13
801750,计算机,688509,正元地信,0.0677,2021-12-13
801750,计算机,688561,奇安信-U,0.3097,2021-12-13
801750,计算机,688568,中科星图,0.4461,2021-12-13
801750,计算机,688579,地纬智能,0.0906,2021-12-13
801750,计算机,688588,凌志软件,0.0941,2021-12-13
801750,计算机,688590,新致软件,0.1099,2021-12-13
801750,计算机,688619,罗普特,0.0563,2021-12-13
801750,计算机,688787,海天瑞声,0.1527,2021-12-13
801750,计算机,688246,嘉和美康,0.06,2021-12-14
801750,计算机,300766,每日互动,0.3185,2021-12-28
801750,计算机,688227,品高股份,0.1955,2021-12-30
801750,计算机,301159,三维天地,0.0437,2022-01-07
801750,计算机,301117,ST佳缘,0.0642,2022-01-17
801750,计算机,002261,拓维信息,1.1245,2022-01-25
801750,计算机,688171,纬德信息,0.0665,2022-01-27
801750,计算机,688225,亚信安全,0.1025,2022-02-09
801750,计算机,301218,华是科技,0.1205,2022-03-07
801750,计算机,301236,软通动力,1.1586,2022-03-15
801750,计算机,688207,格灵深瞳,0.1218,2022-03-17
801750,计算机,688326,经纬恒润,0.1449,2022-04-19
801750,计算机,301248,杰创智能,0.2374,2022-04-20
801750,计算机,301162,国能日新,0.166,2022-04-29
801750,计算机,301153,中科江南,0.1128,2022-05-18
801750,计算机,688327,云从科技,0.3529,2022-05-27
801750,计算机,688251,井松智能,0.0379,2022-06-06
801750,计算机,301208,中亦科技,0.0676,2022-07-07
801750,计算机,301269,华大九天,0.7964,2022-07-29
801750,计算机,000409,云鼎科技,0.1426,2022-08-01
801750,计算机,300275,梅安森,0.1013,2022-08-01
801750,计算机,301195,北路智控,0.0468,2022-08-01
801750,计算机,603859,能科科技,0.2662,2022-08-01
801750,计算机,301095,广立微,0.2874,2022-08-05
801750,计算机,001229,魅视科技,0.0689,2022-08-08
801750,计算机,301318,维海德,0.0386,2022-08-10
801750,计算机,001339,智微智能,0.3636,2022-08-15
801750,计算机,301330,熵基科技,0.0965,2022-08-17
801750,计算机,301270,汉仪股份,0.0996,2022-08-31
801750,计算机,301339,通行宝,0.0753,2022-09-09
801750,计算机,301316,慧博云通,0.3793,2022-10-13
801750,计算机,688031,星环科技,0.3364,2022-10-18
801750,计算机,688244,永信至诚,0.0415,2022-10-19
801750,计算机,688291,金橙子,0.0621,2022-10-26
801750,计算机,688152,麒麟信安,0.0778,2022-10-28
801750,计算机,301396,宏景科技,0.3524,2022-11-11
801750,计算机,688206,概伦电子,0.3215,2022-11-15
801750,计算机,301391,卡莱特,0.0626,2022-12-01
801750,计算机,688489,三未信安,0.0827,2022-12-02
801750,计算机,688475,萤石网络,0.1755,2022-12-28
801750,计算机,688435,英方软件,0.0692,2023-01-19
801750,计算机,002180,奔图科技,0.6625,2023-03-17
801750,计算机,301378,通达海,0.0386,2023-03-20
801750,计算机,688343,云天励飞,0.5726,2023-04-04
801750,计算机,688507,索辰科技,0.2955,2023-04-18
801750,计算机,688479,友车科技,0.1262,2023-05-11
801750,计算机,002908,德生科技,0.0804,2023-05-24
801750,计算机,688562,航天软件,0.1041,2023-05-24
801750,计算机,301337,亚华电子,0.0457,2023-05-26
801750,计算机,301315,威士顿,0.0651,2023-06-21
801750,计算机,688631,莱斯信息,0.088,2023-06-28
801750,计算机,688078,龙软科技,0.0455,2023-07-06
801750,计算机,301503,智迪科技,0.0317,2023-07-17
801750,计算机,301172,君逸数码,0.0857,2023-07-26
801750,计算机,688651,盛邦安全,0.0459,2023-07-26
801750,计算机,688657,浩辰软件,0.0654,2023-10-10
801750,计算机,301589,诺瓦星云,0.1726,2024-02-08
801750,计算机,688695,中创股份,0.0331,2024-03-13
801750,计算机,688292,浩瀚深度,0.0841,2024-05-22
801750,计算机,688692,达梦数据,0.4138,2024-06-12
801750,计算机,600589,大位科技,0.4313,2024-07-25
801750,计算机,000815,美利云,0.3125,2024-07-31
801750,计算机,002869,金溢科技,0.0859,2024-07-31
801750,计算机,300847,中船汉光,0.0633,2024-07-31
801750,计算机,301182,凯旺科技,0.1077,2024-07-31
801750,计算机,600288,大恒科技,0.1469,2024-07-31
801750,计算机,301608,博实结,0.0799,2024-08-01
801750,计算机,301600,慧翰股份,0.114,2024-09-11
801750,计算机,688615,合合信息,0.5138,2024-09-26
801750,计算机,301556,托普云农,0.0766,2024-10-17
801750,计算机,301638,南网数字,0.2323,2025-11-18
801750,计算机,002229,鸿博股份,0.2435,2026-07-02
801750,计算机,300536,农尚环境,0.0896,2026-07-02
801750,计算机,600666,奥瑞德,0.3273,2026-07-02
801750,计算机,000034,神州数码,0.7707,2021-12-13
801760,传媒,000607,华媒控股,0.2196,2021-12-13
801760,传媒,000665,湖北广电,0.3063,2021-12-13
801760,传媒,000676,智度股份,0.7925,2021-12-13
801760,传媒,000681,视觉中国,0.9671,2021-12-13
801760,传媒,000719,中原传媒,0.3282,2021-12-13
801760,传媒,000793,ST华闻,0.5594,2021-12-13
801760,传媒,000802,北京文化,0.2556,2021-12-13
801760,传媒,000892,欢瑞世纪,0.3361,2021-12-13
801760,传媒,000917,电广传媒,0.9932,2021-12-13
801760,传媒,002027,分众传媒,5.6119,2021-12-13
801760,传媒,002095,生意宝,0.2463,2021-12-13
801760,传媒,002174,游族网络,1.0765,2021-12-13
801760,传媒,002181,粤传媒,0.4153,2021-12-13
801760,传媒,002238,天威视讯,0.1108,2021-12-13
801760,传媒,002291,遥望科技,0.4968,2021-12-13
801760,传媒,002292,奥飞娱乐,0.8232,2021-12-13
801760,传媒,002343,慈文传媒,0.2215,2021-12-13
801760,传媒,002400,省广集团,1.0644,2021-12-13
801760,传媒,002425,凯撒文化,0.2834,2021-12-13
801760,传媒,002517,恺英网络,3.479,2021-12-13
801760,传媒,002555,三七互娱,3.1017,2021-12-13
801760,传媒,002558,巨人网络,3.7913,2021-12-13
801760,传媒,002602,世纪华通,9.9151,2021-12-13
801760,传媒,002605,姚记科技,0.4336,2021-12-13
801760,传媒,002624,完美世界,1.7734,2021-12-13
801760,传媒,002712,思美传媒,0.1759,2021-12-13
801760,传媒,002739,儒意电影,1.4483,2021-12-13
801760,传媒,002905,金逸影视,0.094,2021-12-13
801760,传媒,002995,天地在线,0.1793,2021-12-13
801760,传媒,300002,神州泰岳,1.7411,2021-12-13
801760,传媒,300027,ST华谊,0.3805,2021-12-13
801760,传媒,300031,宝通科技,0.8107,2021-12-13
801760,传媒,300043,星辉娱乐,0.3645,2021-12-13
801760,传媒,300052,中青宝,0.2989,2021-12-13
801760,传媒,300058,蓝色光标,5.7439,2021-12-13
801760,传媒,300061,旗天科技,0.2974,2021-12-13
801760,传媒,300063,天龙集团,0.6175,2021-12-13
801760,传媒,300071,福石控股,0.3242,2021-12-13
801760,传媒,300113,顺网科技,0.9247,2021-12-13
801760,传媒,300133,华策影视,1.1006,2021-12-13
801760,传媒,300182,捷成股份,1.3154,2021-12-13
801760,传媒,300242,佳云科技,0.2454,2021-12-13
801760,传媒,300251,光线传媒,1.8588,2021-12-13
801760,传媒,300291,百纳千成,0.351,2021-12-13
801760,传媒,300295,*ST三六,0.222,2021-12-13
801760,传媒,300299,富春股份,0.3289,2021-12-13
801760,传媒,300315,掌趣科技,1.2195,2021-12-13
801760,传媒,300364,中文在线,1.6779,2021-12-13
801760,传媒,300413,芒果超媒,1.4978,2021-12-13
801760,传媒,300418,昆仑万维,4.4673,2021-12-13
801760,传媒,300426,华智数媒,0.2327,2021-12-13
801760,传媒,300459,汤姆猫,1.1963,2021-12-13
801760,传媒,300467,迅游科技,0.5607,2021-12-13
801760,传媒,300494,盛天网络,0.3712,2021-12-13
801760,传媒,300528,幸福蓝海,0.2259,2021-12-13
801760,传媒,300533,冰川网络,0.3666,2021-12-13
801760,传媒,300612,宣亚国际,0.2149,2021-12-13
801760,传媒,300654,世纪天鸿,0.2278,2021-12-13
801760,传媒,300770,新媒股份,0.483,2021-12-13
801760,传媒,300781,因赛集团,0.255,2021-12-13
801760,传媒,300785,值得买,0.3813,2021-12-13
801760,传媒,300788,中信出版,0.1436,2021-12-13
801760,传媒,300805,电声股份,0.1907,2021-12-13
801760,传媒,300987,川网传媒,0.1272,2021-12-13
801760,传媒,301025,读客文化,0.0906,2021-12-13
801760,传媒,301052,果麦文化,0.1906,2021-12-13
801760,传媒,600037,歌华有线,0.7206,2021-12-13
801760,传媒,600228,返利科技,0.3545,2021-12-13
801760,传媒,600229,城市传媒,0.1573,2021-12-13
801760,传媒,600358,国旅联合,0.2264,2021-12-13
801760,传媒,600373,中文传媒,0.5188,2021-12-13
801760,传媒,600551,时代出版,0.1989,2021-12-13
801760,传媒,600556,天下秀,0.6369,2021-12-13
801760,传媒,600633,浙数文化,0.7807,2021-12-13
801760,传媒,600637,东方明珠,1.7375,2021-12-13
801760,传媒,600715,文投控股,0.3039,2021-12-13
801760,传媒,600757,长江传媒,0.4547,2021-12-13
801760,传媒,600825,新华传媒,0.3127,2021-12-13
801760,传媒,600831,广电网络,0.1778,2021-12-13
801760,传媒,600892,大晟文化,0.2119,2021-12-13
801760,传媒,600936,北投科技,0.5002,2021-12-13
801760,传媒,600959,江苏有线,0.8117,2021-12-13
801760,传媒,600977,中国电影,0.7457,2021-12-13
801760,传媒,600986,浙文互联,1.075,2021-12-13
801760,传媒,600996,贵广网络,0.338,2021-12-13
801760,传媒,601019,山东出版,0.262,2021-12-13
801760,传媒,601098,中南传媒,0.7611,2021-12-13
801760,传媒,601595,上海电影,0.2695,2021-12-13
801760,传媒,601801,皖新传媒,0.2665,2021-12-13
801760,传媒,601811,新华文轩,0.1985,2021-12-13
801760,传媒,601858,中国科传,0.3646,2021-12-13
801760,传媒,601900,南方传媒,0.4367,2021-12-13
801760,传媒,601921,浙版传媒,0.3353,2021-12-13
801760,传媒,601928,凤凰传媒,0.6553,2021-12-13
801760,传媒,601929,吉视传媒,0.6464,2021-12-13
801760,传媒,601949,中国出版,0.2565,2021-12-13
801760,传媒,601999,出版传媒,0.1464,2021-12-13
801760,传媒,603000,人民网,0.8294,2021-12-13
801760,传媒,603096,新经典,0.115,2021-12-13
801760,传媒,603103,横店影视,0.1517,2021-12-13
801760,传媒,603258,电魂网络,0.2146,2021-12-13
801760,传媒,603444,吉比特,2.01,2021-12-13
801760,传媒,603533,掌阅科技,0.7222,2021-12-13
801760,传媒,603598,引力传媒,0.2977,2021-12-13
801760,传媒,603721,中广天择,0.1503,2021-12-13
801760,传媒,603729,ST龙韵,0.0818,2021-12-13
801760,传媒,603825,ST华扬,0.1416,2021-12-13
801760,传媒,603888,新华网,0.5325,2021-12-13
801760,传媒,603999,读者传媒,0.1396,2021-12-13
801760,传媒,605168,三人行,0.5481,2021-12-13
801760,传媒,605577,龙版传媒,0.1435,2021-12-13
801760,传媒,603466,风语筑,0.5224,2022-01-18
801760,传媒,301102,兆讯传媒,0.116,2022-03-28
801760,传媒,002878,元隆雅图,0.2095,2022-08-01
801760,传媒,600088,中视传媒,0.2532,2022-08-01
801760,传媒,001330,博纳影业,0.6701,2022-08-18
801760,传媒,301171,易点天下,1.9661,2022-08-19
801760,传媒,301231,荣信文化,0.1827,2022-09-08
801760,传媒,301313,凡拓数创,0.2598,2022-09-30
801760,传媒,301299,卓创资讯,0.1878,2022-10-19
801760,传媒,301262,海看股份,0.1381,2023-06-20
801760,传媒,002354,天娱数科,1.6035,2023-07-06
801760,传媒,300148,天舟文化,0.3017,2023-07-06
801760,传媒,603230,内蒙新华,0.1023,2023-07-06
801760,传媒,002919,名臣健康,0.3346,2023-09-19
801760,传媒,002264,新华都,0.3315,2023-12-11
801760,传媒,301551,无线传媒,0.1859,2024-09-26
801760,传媒,600640,国脉文化,0.3086,2025-09-29
801760,传媒,603602,纵横通信,0.2193,2026-03-06
801760,传媒,000156,华数传媒,0.615,2021-12-13
801770,通信,000070,特发信息,0.294,2021-12-13
801770,通信,000586,汇源通信,0.0675,2021-12-13
801770,通信,000889,中嘉博创,0.0895,2021-12-13
801770,通信,002017,东信和平,0.199,2021-12-13
801770,通信,002104,恒宝股份,0.2952,2021-12-13
801770,通信,002115,三维通信,0.2665,2021-12-13
801770,通信,002123,梦网科技,0.2069,2021-12-13
801770,通信,002194,武汉凡谷,0.1414,2021-12-13
801770,通信,002281,光迅科技,2.6883,2021-12-13
801770,通信,002296,辉煌科技,0.1103,2021-12-13
801770,通信,002313,日海智能,0.0666,2021-12-13
801770,通信,002396,星网锐捷,0.7546,2021-12-13
801770,通信,002467,二六三,0.2086,2021-12-13
801770,通信,002491,通鼎互联,0.5767,2021-12-13
801770,通信,002544,普天科技,0.2366,2021-12-13
801770,通信,002583,海能达,0.3381,2021-12-13
801770,通信,002792,通宇通讯,0.2997,2021-12-13
801770,通信,002897,意华股份,0.2314,2021-12-13
801770,通信,002902,铭普光磁,0.1397,2021-12-13
801770,通信,002929,润建股份,0.241,2021-12-13
801770,通信,003031,中瓷电子,0.4842,2021-12-13
801770,通信,003040,楚天龙,0.1822,2021-12-13
801770,通信,300025,华星创业,0.0916,2021-12-13
801770,通信,300081,ST恒信,0.0587,2021-12-13
801770,通信,300134,大富科技,0.1022,2021-12-13
801770,通信,300183,东软载波,0.0855,2021-12-13
801770,通信,300205,*ST天喻,0.043,2021-12-13
801770,通信,300211,*ST亿通,0.0419,2021-12-13
801770,通信,300213,佳讯飞鸿,0.1283,2021-12-13
801770,通信,300292,吴通控股,0.1636,2021-12-13
801770,通信,300308,中际旭创,23.5402,2021-12-13
801770,通信,300310,宜通世纪,0.1068,2021-12-13
801770,通信,300353,东土科技,0.2852,2021-12-13
801770,通信,300394,天孚通信,5.4992,2021-12-13
801770,通信,300414,中光防雷,0.0622,2021-12-13
801770,通信,300502,新易盛,17.0826,2021-12-13
801770,通信,300504,天邑股份,0.0714,2021-12-13
801770,通信,300513,恒实科技,0.0625,2021-12-13
801770,通信,300548,长芯博创,1.7222,2021-12-13
801770,通信,300555,ST路通,0.066,2021-12-13
801770,通信,300560,中富通,0.0921,2021-12-13
801770,通信,300563,神宇股份,0.0947,2021-12-13
801770,通信,300565,科信技术,0.0805,2021-12-13
801770,通信,300570,太辰光,0.8893,2021-12-13
801770,通信,300571,平治信息,0.0876,2021-12-13
801770,通信,300578,会畅科技,0.084,2021-12-13
801770,通信,300590,移为通信,0.1001,2021-12-13
801770,通信,300597,吉大通信,0.06,2021-12-13
801770,通信,300615,欣天科技,0.0508,2021-12-13
801770,通信,300620,光库科技,1.2843,2021-12-13
801770,通信,300627,华测导航,0.5068,2021-12-13
801770,通信,300628,亿联网络,0.7068,2021-12-13
801770,通信,300638,广和通,0.3008,2021-12-13
801770,通信,300689,澄天伟业,0.0551,2021-12-13
801770,通信,300698,万马科技,0.0617,2021-12-13
801770,通信,300710,万隆光电,0.0672,2021-12-13
801770,通信,300711,广哈通信,0.0517,2021-12-13
801770,通信,300913,兆龙互连,0.1456,2021-12-13
801770,通信,300921,南凌科技,0.0771,2021-12-13
801770,通信,300959,线上线下,0.1125,2021-12-13
801770,通信,600050,中国联通,2.0597,2021-12-13
801770,通信,600105,永鼎股份,1.5147,2021-12-13
801770,通信,600289,ST信通,0.0638,2021-12-13
801770,通信,600345,长江通信,0.212,2021-12-13
801770,通信,600487,亨通光电,3.9585,2021-12-13
801770,通信,600498,烽火通信,1.0383,2021-12-13
801770,通信,600522,中天科技,3.0652,2021-12-13
801770,通信,600734,*ST实达,0.0995,2021-12-13
801770,通信,600775,南京熊猫,0.1505,2021-12-13
801770,通信,600776,东方通信,0.1968,2021-12-13
801770,通信,601728,中国电信,2.2118,2021-12-13
801770,通信,601869,长飞光纤,1.4842,2021-12-13
801770,通信,603042,华脉科技,0.0826,2021-12-13
801770,通信,603083,剑桥科技,1.6679,2021-12-13
801770,通信,603118,共进股份,0.2672,2021-12-13
801770,通信,603220,中贝通信,0.276,2021-12-13
801770,通信,603236,移远通信,0.7156,2021-12-13
801770,通信,603322,超讯科技,0.1246,2021-12-13
801770,通信,603421,鼎信通讯,0.0696,2021-12-13
801770,通信,603559,中通国脉,0.1502,2021-12-13
801770,通信,603803,瑞斯康达,0.0947,2021-12-13
801770,通信,688027,国盾量子,0.7655,2021-12-13
801770,通信,688080,映翰通,0.0717,2021-12-13
801770,通信,688100,威胜信息,0.1214,2021-12-13
801770,通信,688159,有方科技,0.0722,2021-12-13
801770,通信,688182,灿勤科技,0.1244,2021-12-13
801770,通信,688313,仕佳光子,1.317,2021-12-13
801770,通信,688418,震有科技,0.1516,2021-12-13
801770,通信,688618,三旺通信,0.042,2021-12-13
801770,通信,688668,鼎通科技,0.671,2021-12-13
801770,通信,600941,中国移动,2.6198,2022-01-05
801770,通信,688283,坤恒顺维,0.0605,2022-02-15
801770,通信,603206,嘉环科技,0.0495,2022-05-06
801770,通信,301191,菲菱科思,0.1392,2022-05-26
801770,通信,301139,*ST元道,0.0082,2022-07-08
801770,通信,000839,国安股份,0.2509,2022-08-01
801770,通信,002796,世嘉科技,0.163,2022-08-01
801770,通信,300603,立昂技术,0.103,2022-08-01
801770,通信,600198,大唐电信,0.1605,2022-08-01
801770,通信,002148,北纬科技,0.101,2022-08-09
801770,通信,688205,德科立,0.7436,2022-08-09
801770,通信,301205,联特科技,0.7027,2022-09-13
801770,通信,688387,信科移动,0.4906,2022-09-26
801770,通信,301380,挖金客,0.0549,2022-10-25
801770,通信,301165,锐捷网络,0.5371,2022-11-21
801770,通信,688143,长盈通,0.5513,2022-12-12
801770,通信,301419,阿莱德,0.0665,2023-02-09
801770,通信,301314,科瑞思,0.0259,2023-03-17
801770,通信,301382,蜂助手,0.2069,2023-05-17
801770,通信,301428,世纪恒通,0.0632,2023-05-19
801770,通信,301202,朗威股份,0.0468,2023-07-05
801770,通信,300383,光环新网,0.5619,2023-07-06
801770,通信,300442,润泽科技,1.5326,2023-07-06
801770,通信,300738,奥飞数据,0.4933,2023-07-06
801770,通信,603881,数据港,0.4521,2023-07-06
801770,通信,301577,美信科技,0.0384,2024-01-24
801770,通信,688592,司南导航,0.0484,2024-03-26
801770,通信,002881,美格智能,0.1741,2024-07-31
801770,通信,300098,高新兴,0.2403,2024-07-31
801770,通信,688635,长进光子,0.1706,2026-05-27
801770,通信,001267,汇绿生态,0.4943,2026-07-02
801770,通信,000063,中兴通讯,3.5626,2021-12-13
801950,煤炭,000571,新大洲A,0.7641,2021-12-13
801950,煤炭,000723,美锦能源,2.3167,2021-12-13
801950,煤炭,000937,冀中能源,1.1195,2021-12-13
801950,煤炭,000983,山西焦煤,3.525,2021-12-13
801950,煤炭,002128,电投能源,5.572,2021-12-13
801950,煤炭,600121,郑州煤电,0.6686,2021-12-13
801950,煤炭,600123,兰花科创,1.2621,2021-12-13
801950,煤炭,600188,兖矿能源,2.9473,2021-12-13
801950,煤炭,600348,华阳股份,3.1788,2021-12-13
801950,煤炭,600395,盘江股份,1.2258,2021-12-13
801950,煤炭,600403,大有能源,0.515,2021-12-13
801950,煤炭,600408,安泰集团,0.4683,2021-12-13
801950,煤炭,600508,上海能源,0.9222,2021-12-13
801950,煤炭,600546,山煤国际,2.4491,2021-12-13
801950,煤炭,600725,云维股份,0.5697,2021-12-13
801950,煤炭,600740,山西焦化,0.7139,2021-12-13
801950,煤炭,600758,辽宁能源,0.5337,2021-12-13
801950,煤炭,600792,云煤能源,0.321,2021-12-13
801950,煤炭,600971,恒源煤电,1.0768,2021-12-13
801950,煤炭,600985,淮北矿业,3.4715,2021-12-13
801950,煤炭,601001,晋控煤业,2.5293,2021-12-13
801950,煤炭,601011,宝泰隆,0.846,2021-12-13
801950,煤炭,601015,陕西黑猫,0.6489,2021-12-13
801950,煤炭,601088,中国神华,25.9566,2021-12-13
801950,煤炭,601101,昊华能源,1.5411,2021-12-13
801950,煤炭,601225,陕西煤业,17.9153,2021-12-13
801950,煤炭,601666,平煤股份,2.459,2021-12-13
801950,煤炭,601699,潞安环能,3.9498,2021-12-13
801950,煤炭,601898,中煤能源,4.8831,2021-12-13
801950,煤炭,601918,新集能源,3.2256,2021-12-13
801950,煤炭,600925,苏能股份,0.718,2023-03-29
801950,煤炭,600997,开滦股份,0.5932,2023-07-06
801950,煤炭,000552,甘肃能化,1.1116,2021-12-13
801960,石油石化,000096,广聚能源,0.3399,2021-12-13
801960,石油石化,000301,东方盛虹,4.0436,2021-12-13
801960,石油石化,000554,泰山石油,0.4064,2021-12-13
801960,石油石化,000637,茂化实华,0.2127,2021-12-13
801960,石油石化,000698,ST沈化,0.2727,2021-12-13
801960,石油石化,000703,恒逸石化,3.7297,2021-12-13
801960,石油石化,000819,岳阳兴长,0.5208,2021-12-13
801960,石油石化,000968,蓝焰控股,0.467,2021-12-13
801960,石油石化,000985,大庆华科,0.143,2021-12-13
801960,石油石化,002207,*ST准油,0.1877,2021-12-13
801960,石油石化,002221,东华能源,0.8882,2021-12-13
801960,石油石化,002408,齐翔腾达,1.1253,2021-12-13
801960,石油石化,002476,新叶股份,0.4319,2021-12-13
801960,石油石化,002493,荣盛石化,6.2721,2021-12-13
801960,石油石化,002554,惠博普,0.466,2021-12-13
801960,石油石化,002629,仁智股份,0.2969,2021-12-13
801960,石油石化,002828,贝肯能源,0.3637,2021-12-13
801960,石油石化,002986,宇新股份,0.5967,2021-12-13
801960,石油石化,300135,宝利国际,0.3651,2021-12-13
801960,石油石化,300164,通源石油,0.886,2021-12-13
801960,石油石化,300191,潜能恒信,1.022,2021-12-13
801960,石油石化,300839,博汇股份,0.3418,2021-12-13
801960,石油石化,600028,中国石化,13.363,2021-12-13
801960,石油石化,600256,广汇能源,4.4015,2021-12-13
801960,石油石化,600339,中油工程,0.795,2021-12-13
801960,石油石化,600346,恒力石化,5.3118,2021-12-13
801960,石油石化,600583,海油工程,2.1191,2021-12-13
801960,石油石化,600688,上海石化,0.9391,2021-12-13
801960,石油石化,600759,ST洲际,1.476,2021-12-13
801960,石油石化,600777,新潮能源,3.5315,2021-12-13
801960,石油石化,600800,渤海化学,0.3776,2021-12-13
801960,石油石化,600871,石化油服,1.0883,2021-12-13
801960,石油石化,600968,海油发展,1.2691,2021-12-13
801960,石油石化,601233,桐昆股份,6.3814,2021-12-13
801960,石油石化,601808,中海油服,1.2001,2021-12-13
801960,石油石化,601857,中国石油,16.6519,2021-12-13
801960,石油石化,603353,和顺石油,0.2931,2021-12-13
801960,石油石化,603619,中曼石油,1.3861,2021-12-13
801960,石油石化,603727,博迈科,0.4661,2021-12-13
801960,石油石化,603798,康普顿,0.3006,2021-12-13
801960,石油石化,600938,中国海油,12.3135,2022-04-21
801960,石油石化,001316,润贝航科,0.2723,2022-06-24
801960,石油石化,600506,统一股份,0.4744,2022-08-01
801960,石油石化,603223,恒通股份,0.4739,2022-08-01
801960,石油石化,002377,国创高新,0.3283,2024-07-31
801960,石油石化,300055,万邦达,0.5537,2024-07-31
801960,石油石化,000059,华锦股份,0.8508,2021-12-13
801970,环保,000068,华控赛格,0.4741,2021-12-13
801970,环保,000544,中原环保,0.4211,2021-12-13
801970,环保,000551,创元科技,0.9702,2021-12-13
801970,环保,000598,兴蓉环境,1.887,2021-12-13
801970,环保,000605,渤海股份,0.1967,2021-12-13
801970,环保,000685,中山公用,1.8486,2021-12-13
801970,环保,000826,*ST启环,0.5398,2021-12-13
801970,环保,000967,盈峰环境,2.4231,2021-12-13
801970,环保,002034,旺能环境,0.7612,2021-12-13
801970,环保,002266,浙富控股,3.4988,2021-12-13
801970,环保,002645,华宏科技,1.8229,2021-12-13
801970,环保,002658,雪迪龙,0.5045,2021-12-13
801970,环保,002672,东江环保,0.4072,2021-12-13
801970,环保,002887,绿茵生态,0.2629,2021-12-13
801970,环保,002973,侨银股份,0.5553,2021-12-13
801970,环保,003027,同兴科技,0.3061,2021-12-13
801970,环保,003039,顺控发展,0.3038,2021-12-13
801970,环保,300056,中创环保,0.4394,2021-12-13
801970,环保,300070,碧水源,1.8414,2021-12-13
801970,环保,300137,先河环保,1.3048,2021-12-13
801970,环保,300152,*ST动力,0.2378,2021-12-13
801970,环保,300172,中电环保,0.5736,2021-12-13
801970,环保,300190,维尔利,0.4499,2021-12-13
801970,环保,300210,森远股份,0.6837,2021-12-13
801970,环保,300266,兴源环境,0.4975,2021-12-13
801970,环保,300334,津膜科技,0.3584,2021-12-13
801970,环保,300385,ST雪浪,0.5991,2021-12-13
801970,环保,300388,节能国祯,0.4498,2021-12-13
801970,环保,300422,博世科,0.322,2021-12-13
801970,环保,300437,清水源,0.4289,2021-12-13
801970,环保,300614,百川畅银,0.2325,2021-12-13
801970,环保,300631,久吾高科,0.4193,2021-12-13
801970,环保,300664,鹏鹞环保,0.61,2021-12-13
801970,环保,300692,中赋科技,0.6316,2021-12-13
801970,环保,300774,倍杰特,0.4023,2021-12-13
801970,环保,300779,惠城环保,2.6687,2021-12-13
801970,环保,300786,国林科技,0.4461,2021-12-13
801970,环保,300800,力合科技,0.2848,2021-12-13
801970,环保,300815,玉禾田,0.712,2021-12-13
801970,环保,300854,中兰环保,0.3259,2021-12-13
801970,环保,300864,南大环境,0.3422,2021-12-13
801970,环保,300867,圣元环保,0.6715,2021-12-13
801970,环保,300899,上海凯鑫,0.2685,2021-12-13
801970,环保,300929,华骐环保,0.3798,2021-12-13
801970,环保,300958,建工修复,0.2723,2021-12-13
801970,环保,300961,深水海纳,0.4626,2021-12-13
801970,环保,301049,超越科技,0.1364,2021-12-13
801970,环保,301068,大地海洋,0.4707,2021-12-13
801970,环保,301081,严牌股份,0.3618,2021-12-13
801970,环保,600008,首创环保,2.8485,2021-12-13
801970,环保,600168,武汉控股,0.4311,2021-12-13
801970,环保,600187,*ST国中,0.4255,2021-12-13
801970,环保,600217,中再资环,0.7826,2021-12-13
801970,环保,600283,钱江水利,0.4805,2021-12-13
801970,环保,600323,瀚蓝环境,3.2841,2021-12-13
801970,环保,600461,洪城环境,1.5541,2021-12-13
801970,环保,600526,菲达环保,0.385,2021-12-13
801970,环保,600769,祥龙电业,1.1172,2021-12-13
801970,环保,600874,创业环保,0.7399,2021-12-13
801970,环保,601158,重庆水务,0.5846,2021-12-13
801970,环保,601199,江南水务,0.4166,2021-12-13
801970,环保,601200,上海环境,1.0323,2021-12-13
801970,环保,601330,绿色动力,0.636,2021-12-13
801970,环保,601368,绿城水务,0.4096,2021-12-13
801970,环保,601827,三峰环境,0.8208,2021-12-13
801970,环保,603177,德创环保,0.2315,2021-12-13
801970,环保,603200,上海洗霸,0.9028,2021-12-13
801970,环保,603324,盛剑科技,0.3261,2021-12-13
801970,环保,603568,伟明环保,2.3465,2021-12-13
801970,环保,603588,高能环境,4.9368,2021-12-13
801970,环保,603759,海天股份,0.3411,2021-12-13
801970,环保,603797,联泰环保,0.3028,2021-12-13
801970,环保,603817,海峡环保,0.3837,2021-12-13
801970,环保,603903,中持股份,0.5343,2021-12-13
801970,环保,605069,正和生态,0.2256,2021-12-13
801970,环保,688057,金达莱,0.6556,2021-12-13
801970,环保,688069,德林海,0.8087,2021-12-13
801970,环保,688096,京源环保,0.4038,2021-12-13
801970,环保,688101,三达膜,0.4207,2021-12-13
801970,环保,688309,恒誉科技,0.9297,2021-12-13
801970,环保,688335,复洁科技,0.4246,2021-12-13
801970,环保,688466,金科环境,0.1784,2021-12-13
801970,环保,688501,青达环保,0.3685,2021-12-13
801970,环保,688565,力源科技,0.2906,2021-12-13
801970,环保,688679,通源环境,0.6784,2021-12-13
801970,环保,688701,卓锦股份,0.1626,2021-12-13
801970,环保,301127,武汉天源,1.4567,2021-12-30
801970,环保,301109,军信股份,0.6814,2022-04-13
801970,环保,301148,嘉戎技术,0.4886,2022-04-21
801970,环保,301288,清研环境,0.1729,2022-04-22
801970,环保,301259,艾布鲁,0.6417,2022-04-26
801970,环保,301175,中科环保,0.9,2022-07-08
801970,环保,001230,劲旅环境,0.379,2022-07-15
801970,环保,001336,楚环科技,0.2145,2022-07-25
801970,环保,000711,京蓝科技,3.3077,2022-08-01
801970,环保,000890,法尔胜,0.5499,2022-08-01
801970,环保,002210,飞马国际,0.7758,2022-08-01
801970,环保,300187,永清环保,0.3851,2022-08-01
801970,环保,300203,聚光科技,1.056,2022-08-01
801970,环保,600388,紫金龙净,4.0758,2022-08-01
801970,环保,600796,钱江生化,0.281,2022-08-01
801970,环保,600817,宇通重工,0.3978,2022-08-01
801970,环保,603315,福鞍股份,0.2713,2022-08-01
801970,环保,688178,万德斯,0.3224,2022-08-01
801970,环保,688370,丛麟科技,0.2643,2022-08-25
801970,环保,688376,美埃科技,0.938,2022-11-18
801970,环保,688480,赛恩斯,0.773,2022-11-25
801970,环保,301265,华新科技,0.6018,2022-12-16
801970,环保,603282,亚光股份,0.2766,2023-03-15
801970,环保,603291,联合水务,0.2504,2023-03-27
801970,环保,301203,国泰环保,0.2779,2023-04-04
801970,环保,301305,朗坤科技,0.7818,2023-05-23
801970,环保,002573,清新环境,0.5645,2023-07-06
801970,环保,301519,舜禹股份,0.1933,2023-07-27
801970,环保,688671,碧兴物联,0.2389,2023-08-09
801970,环保,301372,科净源,0.2968,2023-08-11
801970,环保,601033,永兴股份,0.6011,2024-01-18
801970,环保,000885,城发环境,0.5267,2024-05-22
801970,环保,000546,金圆股份,0.5513,2024-07-31
801970,环保,000820,神雾节能,0.2687,2024-07-31
801970,环保,002778,中晟高科,0.3743,2024-07-31
801970,环保,300140,节能环境,0.9084,2024-07-31
801970,环保,300425,中建环能,0.4106,2024-07-31
801970,环保,301500,飞南资源,0.9277,2024-07-31
801970,环保,603126,中材节能,0.4821,2024-07-31
801970,环保,603686,福龙马,1.138,2024-07-31
801970,环保,600133,东湖高新,1.8175,2025-01-13
801970,环保,300105,龙源技术,0.5782,2025-05-13
801970,环保,000803,山高环能,0.5708,2025-08-13
801970,环保,000035,中国天楹,1.7536,2021-12-13
801980,美容护理,001206,依依股份,1.463,2021-12-13
801980,美容护理,002094,青岛金王,3.4554,2021-12-13
801980,美容护理,002511,中顺洁柔,4.8722,2021-12-13
801980,美容护理,003006,百亚股份,2.781,2021-12-13
801980,美容护理,300132,诺斯贝尔,2.9984,2021-12-13
801980,美容护理,300658,延江股份,1.7835,2021-12-13
801980,美容护理,300740,水羊股份,3.8595,2021-12-13
801980,美容护理,300849,锦盛新材,1.8442,2021-12-13
801980,美容护理,300856,科思股份,1.9667,2021-12-13
801980,美容护理,300888,稳健医疗,5.6963,2021-12-13
801980,美容护理,300896,爱美客,13.7254,2021-12-13
801980,美容护理,300955,嘉亨家化,1.2848,2021-12-13
801980,美容护理,300957,贝泰妮,4.7629,2021-12-13
801980,美容护理,301009,可靠股份,0.9881,2021-12-13
801980,美容护理,301108,洁雅股份,1.5167,2021-12-13
801980,美容护理,600249,两面针,2.0347,2021-12-13
801980,美容护理,600315,上海家化,5.3598,2021-12-13
801980,美容护理,603059,倍加洁,0.7863,2021-12-13
801980,美容护理,603605,珀莱雅,13.9376,2021-12-13
801980,美容护理,603630,拉芳家化,1.4148,2021-12-13
801980,美容护理,603983,丸美生物,2.8383,2021-12-13
801980,美容护理,605009,豪悦护理,1.979,2021-12-13
801980,美容护理,688363,华熙生物,7.4878,2021-12-13
801980,美容护理,001328,登康口腔,1.445,2023-04-10
801980,美容护理,301371,敷尔佳,1.8724,2023-08-01
801980,美容护理,603193,润本股份,2.4997,2023-10-17
801980,美容护理,600223,福瑞达,2.8475,2024-02-06
801980,美容护理,000615,*ST美谷,2.4973,2021-12-13
